platform,time_class,year,rating,accuracy,ci_low,ci_high,observations
chesscom,blitz,2014,1000,84.2598,83.2331,85.2866,473
chesscom,blitz,2014,1500,86.8862,86.2616,87.5109,473
chesscom,blitz,2014,2000,89.5819,88.9116,90.2523,473
chesscom,blitz,2015,1000,83.4482,82.6776,84.2189,459
chesscom,blitz,2015,1500,86.2149,85.6363,86.7934,459
chesscom,blitz,2015,2000,89.0508,88.2187,89.8829,459
chesscom,blitz,2016,1000,84.4456,83.5605,85.3308,530
chesscom,blitz,2016,1500,86.7053,86.2011,87.2095,530
chesscom,blitz,2016,2000,89.0343,88.5484,89.5202,530
chesscom,blitz,2017,1000,82.4281,81.4468,83.4094,515
chesscom,blitz,2017,1500,86.5709,86.0334,87.1084,515
chesscom,blitz,2017,2000,90.783,90.1949,91.3711,515
chesscom,blitz,2018,1000,83.3942,82.5387,84.2497,556
chesscom,blitz,2018,1500,86.3443,85.8,86.8885,556
chesscom,blitz,2018,2000,89.3637,88.7515,89.9759,556
chesscom,blitz,2019,1000,84.1339,83.254,85.0137,526
chesscom,blitz,2019,1500,85.9206,85.3487,86.4924,526
chesscom,blitz,2019,2000,87.7766,87.2097,88.3434,526
chesscom,blitz,2020,1000,84.4414,83.3082,85.5746,489
chesscom,blitz,2020,1500,86.8422,86.2347,87.4497,489
chesscom,blitz,2020,2000,89.3122,88.6892,89.9352,489
chesscom,blitz,2021,1000,83.9984,83.0036,84.9931,474
chesscom,blitz,2021,1500,86.2424,85.6294,86.8554,474
chesscom,blitz,2021,2000,88.5558,87.8084,89.3032,474
chesscom,blitz,2022,1000,85.4549,84.5602,86.3497,558
chesscom,blitz,2022,1500,86.8422,86.2895,87.3949,558
chesscom,blitz,2022,2000,88.2987,87.7067,88.8907,558
chesscom,blitz,2023,1000,85.4893,84.5613,86.4173,498
chesscom,blitz,2023,1500,87.1099,86.4981,87.7216,498
chesscom,blitz,2023,2000,88.7997,88.0922,89.5071,498
chesscom,blitz,2024,1000,84.762,83.95,85.574,478
chesscom,blitz,2024,1500,86.2741,85.7312,86.817,478
chesscom,blitz,2024,2000,87.8556,87.225,88.4861,478
chesscom,blitz,2025,1000,85.0325,84.2562,85.8087,562
chesscom,blitz,2025,1500,86.6968,86.1444,87.2492,562
chesscom,blitz,2025,2000,88.4305,87.8268,89.0341,562
chesscom,blitz,2026,1000,85.2812,84.2183,86.3441,398
chesscom,blitz,2026,1500,86.4784,85.8505,87.1064,398
chesscom,blitz,2026,2000,87.745,87.0773,88.4127,398
chesscom,rapid,2014,1000,82.8841,81.7971,83.971,394
chesscom,rapid,2014,1500,87.5386,86.8107,88.2665,394
chesscom,rapid,2014,2000,91.9453,90.8577,93.0329,394
chesscom,rapid,2015,1000,81.1953,80.1677,82.223,539
chesscom,rapid,2015,1500,86.1166,85.4604,86.7727,539
chesscom,rapid,2015,2000,90.7899,90.0447,91.5351,539
chesscom,rapid,2016,1000,82.6449,81.3318,83.958,440
chesscom,rapid,2016,1500,87.6551,86.8365,88.4737,440
chesscom,rapid,2016,2000,92.4174,91.4564,93.3785,440
chesscom,rapid,2017,1000,82.8947,81.7312,84.0581,513
chesscom,rapid,2017,1500,87.7113,87.0091,88.4135,513
chesscom,rapid,2017,2000,92.28,91.6131,92.947,513
chesscom,rapid,2018,1000,84.5889,83.5676,85.6102,466
chesscom,rapid,2018,1500,87.5068,86.8279,88.1857,466
chesscom,rapid,2018,2000,90.1769,89.4411,90.9127,466
chesscom,rapid,2019,1000,85.0838,83.8956,86.2719,409
chesscom,rapid,2019,1500,87.493,86.776,88.2101,409
chesscom,rapid,2019,2000,89.6544,88.8112,90.4977,409
chesscom,rapid,2020,1000,81.7243,80.7271,82.7216,466
chesscom,rapid,2020,1500,85.6914,85.0714,86.3113,466
chesscom,rapid,2020,2000,89.4106,88.7744,90.0467,466
chesscom,rapid,2021,1000,83.3147,82.2124,84.417,473
chesscom,rapid,2021,1500,86.1975,85.5615,86.8335,473
chesscom,rapid,2021,2000,88.8325,88.1045,89.5605,473
chesscom,rapid,2022,1000,83.7204,82.8317,84.6092,496
chesscom,rapid,2022,1500,86.3857,85.8454,86.926,496
chesscom,rapid,2022,2000,88.8031,88.1545,89.4517,496
chesscom,rapid,2023,1000,83.7727,82.8414,84.704,465
chesscom,rapid,2023,1500,86.4783,85.9014,87.0552,465
chesscom,rapid,2023,2000,88.9361,88.3349,89.5373,465
chesscom,rapid,2024,1000,83.5188,82.5358,84.5019,499
chesscom,rapid,2024,1500,86.1551,85.5405,86.7696,499
chesscom,rapid,2024,2000,88.5434,87.878,89.2089,499
chesscom,rapid,2025,1000,85.0436,84.1448,85.9424,501
chesscom,rapid,2025,1500,86.5174,85.9164,87.1184,501
chesscom,rapid,2025,2000,87.7433,87.1087,88.3779,501
chesscom,rapid,2026,1000,85.7288,84.8024,86.6551,461
chesscom,rapid,2026,1500,87.2566,86.6248,87.8885,461
chesscom,rapid,2026,2000,88.5366,87.781,89.2922,461
lichess,blitz,2014,1000,81.6377,80.4841,82.7914,600
lichess,blitz,2014,1500,85.8504,85.211,86.4899,600
lichess,blitz,2014,2000,89.3572,88.6618,90.0525,600
lichess,blitz,2015,1000,81.6577,80.3817,82.9336,595
lichess,blitz,2015,1500,85.383,84.6984,86.0676,595
lichess,blitz,2015,2000,88.4024,87.7184,89.0864,595
lichess,blitz,2016,1000,82.1496,80.8302,83.469,535
lichess,blitz,2016,1500,85.544,84.846,86.242,535
lichess,blitz,2016,2000,88.2325,87.6085,88.8565,535
lichess,blitz,2017,1000,82.3841,81.2014,83.5669,599
lichess,blitz,2017,1500,85.8954,85.2231,86.5678,599
lichess,blitz,2017,2000,88.7008,88.013,89.3885,599
lichess,blitz,2018,1000,82.5502,81.0161,84.0842,459
lichess,blitz,2018,1500,85.8599,85.0741,86.6456,459
lichess,blitz,2018,2000,88.4636,87.8247,89.1025,459
lichess,blitz,2019,1000,82.919,81.7995,84.0386,515
lichess,blitz,2019,1500,85.9642,85.3153,86.613,515
lichess,blitz,2019,2000,88.3034,87.5673,89.0395,515
lichess,blitz,2020,1000,80.8973,79.6564,82.1382,549
lichess,blitz,2020,1500,85.2356,84.5606,85.9107,549
lichess,blitz,2020,2000,88.868,88.2684,89.4676,549
lichess,blitz,2021,1000,82.9366,81.6864,84.1867,484
lichess,blitz,2021,1500,85.3222,84.6006,86.0438,484
lichess,blitz,2021,2000,87.0019,86.2816,87.7221,484
lichess,blitz,2022,1000,84.6904,83.7358,85.645,552
lichess,blitz,2022,1500,86.72,86.1034,87.3365,552
lichess,blitz,2022,2000,88.0436,87.4243,88.6629,552
lichess,blitz,2023,1000,83.5603,82.4751,84.6455,575
lichess,blitz,2023,1500,86.305,85.6941,86.916,575
lichess,blitz,2023,2000,88.3439,87.7582,88.9296,575
lichess,blitz,2024,1000,83.959,82.7708,85.1473,537
lichess,blitz,2024,1500,86.5744,85.8834,87.2654,537
lichess,blitz,2024,2000,88.4838,87.8607,89.1069,537
lichess,blitz,2025,1000,82.5881,81.3183,83.8579,414
lichess,blitz,2025,1500,85.5481,84.8209,86.2754,414
lichess,blitz,2025,2000,87.8022,87.1689,88.4356,414
lichess,blitz,2026,1000,85.148,84.096,86.1999,569
lichess,blitz,2026,1500,87.5403,86.9174,88.1632,569
lichess,blitz,2026,2000,89.2267,88.6009,89.8526,569
lichess,rapid,2018,1000,84.2501,82.851,85.6491,450
lichess,rapid,2018,1500,86.2588,85.4736,87.044,450
lichess,rapid,2018,2000,88.3063,87.6916,88.9209,450
lichess,rapid,2019,1000,83.6447,82.5856,84.7037,508
lichess,rapid,2019,1500,86.4723,85.8113,87.1333,508
lichess,rapid,2019,2000,89.3386,88.5774,90.0998,508
lichess,rapid,2020,1000,83.6811,82.605,84.7571,566
lichess,rapid,2020,1500,86.3447,85.6731,87.0163,566
lichess,rapid,2020,2000,89.047,88.4392,89.6548,566
lichess,rapid,2021,1000,82.5744,81.4364,83.7124,466
lichess,rapid,2021,1500,85.3097,84.5828,86.0366,466
lichess,rapid,2021,2000,88.0838,87.3856,88.7819,466
lichess,rapid,2022,1000,81.8129,80.7752,82.8507,546
lichess,rapid,2022,1500,85.0852,84.4454,85.7251,546
lichess,rapid,2022,2000,88.3963,87.8055,88.9871,546
lichess,rapid,2023,1000,85.0749,84.0669,86.0829,561
lichess,rapid,2023,1500,86.637,86.0143,87.2596,561
lichess,rapid,2023,2000,88.2377,87.6701,88.8053,561
lichess,rapid,2024,1000,84.7661,83.6929,85.8393,538
lichess,rapid,2024,1500,86.6015,85.8981,87.3049,538
lichess,rapid,2024,2000,88.4756,87.8563,89.0949,538
lichess,rapid,2025,1000,83.5436,82.0644,85.0227,349
lichess,rapid,2025,1500,85.5657,84.7668,86.3647,349
lichess,rapid,2025,2000,87.6266,86.8632,88.3901,349
lichess,rapid,2026,1000,83.623,82.5937,84.6523,588
lichess,rapid,2026,1500,86.0496,85.3835,86.7156,588
lichess,rapid,2026,2000,88.5149,87.8923,89.1375,588
