platform,time_class,band,band_label,year,observations,players,mean,sem
chesscom,blitz,600,600-899,2014,76,62,82.2,1.14
chesscom,blitz,600,600-899,2015,91,70,82.6,0.85
chesscom,blitz,600,600-899,2016,50,40,82.46,1.3
chesscom,blitz,600,600-899,2017,74,57,81.86,1.16
chesscom,blitz,600,600-899,2018,101,89,82.04,0.79
chesscom,blitz,600,600-899,2019,100,83,82.37,0.85
chesscom,blitz,600,600-899,2020,82,71,83.91,1.04
chesscom,blitz,600,600-899,2021,84,73,83.17,0.85
chesscom,blitz,600,600-899,2022,96,76,84.99,0.92
chesscom,blitz,600,600-899,2023,83,73,85.24,0.91
chesscom,blitz,600,600-899,2024,89,80,84.42,0.7
chesscom,blitz,600,600-899,2025,104,89,83.66,0.72
chesscom,blitz,600,600-899,2026,56,48,83.83,1.24
chesscom,blitz,900,900-1199,2014,84,71,84.03,0.9
chesscom,blitz,900,900-1199,2015,102,83,84.48,0.54
chesscom,blitz,900,900-1199,2016,109,86,85.7,0.61
chesscom,blitz,900,900-1199,2017,92,78,82.85,0.71
chesscom,blitz,900,900-1199,2018,71,59,83.59,0.84
chesscom,blitz,900,900-1199,2019,72,70,85.67,0.84
chesscom,blitz,900,900-1199,2020,69,61,85.01,0.85
chesscom,blitz,900,900-1199,2021,70,59,84.43,0.89
chesscom,blitz,900,900-1199,2022,80,67,85.3,0.84
chesscom,blitz,900,900-1199,2023,67,57,85.21,0.97
chesscom,blitz,900,900-1199,2024,72,65,84.04,0.74
chesscom,blitz,900,900-1199,2025,84,74,84.3,0.81
chesscom,blitz,900,900-1199,2026,59,48,85.54,0.91
chesscom,blitz,1200,1200-1499,2014,81,63,87.27,0.79
chesscom,blitz,1200,1200-1499,2015,79,62,85.82,0.88
chesscom,blitz,1200,1200-1499,2016,81,68,86.01,0.59
chesscom,blitz,1200,1200-1499,2017,96,77,85.98,0.7
chesscom,blitz,1200,1200-1499,2018,95,74,85.02,0.61
chesscom,blitz,1200,1200-1499,2019,100,85,85.43,0.84
chesscom,blitz,1200,1200-1499,2020,76,73,87.24,0.8
chesscom,blitz,1200,1200-1499,2021,80,69,85.9,0.77
chesscom,blitz,1200,1200-1499,2022,112,99,85.52,0.58
chesscom,blitz,1200,1200-1499,2023,99,87,85.8,0.74
chesscom,blitz,1200,1200-1499,2024,103,95,85.4,0.6
chesscom,blitz,1200,1200-1499,2025,80,63,86.54,0.71
chesscom,blitz,1200,1200-1499,2026,80,68,86.37,0.73
chesscom,blitz,1500,1500-1799,2014,55,38,86.15,0.64
chesscom,blitz,1500,1500-1799,2015,71,56,87.08,0.71
chesscom,blitz,1500,1500-1799,2016,83,68,86.97,0.61
chesscom,blitz,1500,1500-1799,2017,81,71,87.29,0.64
chesscom,blitz,1500,1500-1799,2018,102,88,87.79,0.57
chesscom,blitz,1500,1500-1799,2019,90,85,85.81,0.54
chesscom,blitz,1500,1500-1799,2020,92,67,86.69,0.57
chesscom,blitz,1500,1500-1799,2021,76,65,85.06,0.67
chesscom,blitz,1500,1500-1799,2022,81,75,87.94,0.51
chesscom,blitz,1500,1500-1799,2023,89,78,85.56,0.6
chesscom,blitz,1500,1500-1799,2024,69,57,85.81,0.62
chesscom,blitz,1500,1500-1799,2025,86,78,86.72,0.58
chesscom,blitz,1500,1500-1799,2026,55,46,85.56,0.7
chesscom,blitz,1800,1800-2099,2014,102,63,89.49,0.63
chesscom,blitz,1800,1800-2099,2015,73,55,87.82,0.69
chesscom,blitz,1800,1800-2099,2016,85,65,87.93,0.47
chesscom,blitz,1800,1800-2099,2017,102,82,89.49,0.5
chesscom,blitz,1800,1800-2099,2018,93,79,89.77,0.51
chesscom,blitz,1800,1800-2099,2019,64,57,86.1,0.69
chesscom,blitz,1800,1800-2099,2020,103,90,89.63,0.4
chesscom,blitz,1800,1800-2099,2021,100,73,88.46,0.58
chesscom,blitz,1800,1800-2099,2022,77,70,87.08,0.53
chesscom,blitz,1800,1800-2099,2023,90,81,89.53,0.55
chesscom,blitz,1800,1800-2099,2024,89,75,87.33,0.54
chesscom,blitz,1800,1800-2099,2025,112,94,87.75,0.57
chesscom,blitz,1800,1800-2099,2026,88,70,86.43,0.54
chesscom,blitz,2100,2100-2399,2014,75,42,89.75,0.6
chesscom,blitz,2100,2100-2399,2015,43,29,89.73,0.76
chesscom,blitz,2100,2100-2399,2016,122,78,90.27,0.37
chesscom,blitz,2100,2100-2399,2017,70,54,92.85,0.53
chesscom,blitz,2100,2100-2399,2018,94,66,89.84,0.53
chesscom,blitz,2100,2100-2399,2019,100,78,88.44,0.38
chesscom,blitz,2100,2100-2399,2020,67,47,89.75,0.59
chesscom,blitz,2100,2100-2399,2021,64,48,89.36,0.72
chesscom,blitz,2100,2100-2399,2022,112,87,88.67,0.47
chesscom,blitz,2100,2100-2399,2023,70,58,89.4,0.6
chesscom,blitz,2100,2100-2399,2024,56,43,88.42,0.56
chesscom,blitz,2100,2100-2399,2025,96,73,89.14,0.46
chesscom,blitz,2100,2100-2399,2026,60,52,88.87,0.63
chesscom,rapid,600,600-899,2014,48,36,81.4,1.32
chesscom,rapid,600,600-899,2015,68,58,79.8,1.23
chesscom,rapid,600,600-899,2016,59,45,79.64,1.42
chesscom,rapid,600,600-899,2017,64,54,80.98,1.23
chesscom,rapid,600,600-899,2018,67,52,84.43,0.94
chesscom,rapid,600,600-899,2019,37,30,84.67,1.66
chesscom,rapid,600,600-899,2020,64,58,80.04,1.05
chesscom,rapid,600,600-899,2021,89,71,81.36,1.08
chesscom,rapid,600,600-899,2022,82,64,81.76,1.02
chesscom,rapid,600,600-899,2023,74,63,82.97,0.92
chesscom,rapid,600,600-899,2024,75,69,81.18,1.04
chesscom,rapid,600,600-899,2025,77,61,84.15,0.95
chesscom,rapid,600,600-899,2026,80,61,85.76,1.0
chesscom,rapid,900,900-1199,2014,91,74,84.8,0.82
chesscom,rapid,900,900-1199,2015,111,92,83.32,0.65
chesscom,rapid,900,900-1199,2016,81,70,84.33,0.96
chesscom,rapid,900,900-1199,2017,109,98,84.66,0.77
chesscom,rapid,900,900-1199,2018,70,54,86.96,0.77
chesscom,rapid,900,900-1199,2019,67,55,86.65,1.02
chesscom,rapid,900,900-1199,2020,82,71,83.25,0.85
chesscom,rapid,900,900-1199,2021,60,53,86.18,0.87
chesscom,rapid,900,900-1199,2022,82,78,84.16,0.75
chesscom,rapid,900,900-1199,2023,75,60,84.15,0.97
chesscom,rapid,900,900-1199,2024,79,65,84.44,0.8
chesscom,rapid,900,900-1199,2025,98,77,85.49,0.73
chesscom,rapid,900,900-1199,2026,87,76,86.68,0.8
chesscom,rapid,1200,1200-1499,2014,105,85,87.06,0.56
chesscom,rapid,1200,1200-1499,2015,132,113,85.89,0.63
chesscom,rapid,1200,1200-1499,2016,81,64,90.85,0.72
chesscom,rapid,1200,1200-1499,2017,72,64,88.37,0.78
chesscom,rapid,1200,1200-1499,2018,103,74,87.45,0.66
chesscom,rapid,1200,1200-1499,2019,82,73,88.19,0.56
chesscom,rapid,1200,1200-1499,2020,60,59,84.24,0.8
chesscom,rapid,1200,1200-1499,2021,89,71,84.57,0.61
chesscom,rapid,1200,1200-1499,2022,102,86,86.35,0.52
chesscom,rapid,1200,1200-1499,2023,78,64,86.48,0.62
chesscom,rapid,1200,1200-1499,2024,78,68,86.78,0.83
chesscom,rapid,1200,1200-1499,2025,65,54,87.12,0.72
chesscom,rapid,1200,1200-1499,2026,81,67,85.66,0.83
chesscom,rapid,1500,1500-1799,2014,87,58,90.28,0.48
chesscom,rapid,1500,1500-1799,2015,84,72,88.79,0.48
chesscom,rapid,1500,1500-1799,2016,104,88,89.72,0.54
chesscom,rapid,1500,1500-1799,2017,99,79,90.15,0.49
chesscom,rapid,1500,1500-1799,2018,78,63,89.5,0.52
chesscom,rapid,1500,1500-1799,2019,86,63,88.05,0.53
chesscom,rapid,1500,1500-1799,2020,116,98,87.8,0.44
chesscom,rapid,1500,1500-1799,2021,81,68,86.44,0.69
chesscom,rapid,1500,1500-1799,2022,71,58,87.19,0.55
chesscom,rapid,1500,1500-1799,2023,103,93,85.41,0.55
chesscom,rapid,1500,1500-1799,2024,88,74,87.75,0.53
chesscom,rapid,1500,1500-1799,2025,97,81,85.35,0.68
chesscom,rapid,1500,1500-1799,2026,76,67,87.18,0.68
chesscom,rapid,1800,1800-2099,2014,60,40,91.99,0.54
chesscom,rapid,1800,1800-2099,2015,114,82,91.38,0.44
chesscom,rapid,1800,1800-2099,2016,105,70,91.88,0.47
chesscom,rapid,1800,1800-2099,2017,123,89,92.77,0.38
chesscom,rapid,1800,1800-2099,2018,129,88,91.06,0.39
chesscom,rapid,1800,1800-2099,2019,109,83,90.39,0.5
chesscom,rapid,1800,1800-2099,2020,73,54,90.06,0.55
chesscom,rapid,1800,1800-2099,2021,94,72,88.73,0.6
chesscom,rapid,1800,1800-2099,2022,86,80,87.73,0.57
chesscom,rapid,1800,1800-2099,2023,60,52,88.59,0.61
chesscom,rapid,1800,1800-2099,2024,110,90,88.75,0.5
chesscom,rapid,1800,1800-2099,2025,80,75,87.91,0.54
chesscom,rapid,1800,1800-2099,2026,72,62,88.54,0.72
chesscom,rapid,2100,2100-2399,2014,3,3,95.38,0.65
chesscom,rapid,2100,2100-2399,2015,30,16,93.52,0.85
chesscom,rapid,2100,2100-2399,2016,10,7,95.95,0.68
chesscom,rapid,2100,2100-2399,2017,46,28,95.46,0.41
chesscom,rapid,2100,2100-2399,2018,19,14,93.69,0.91
chesscom,rapid,2100,2100-2399,2019,28,19,93.1,0.67
chesscom,rapid,2100,2100-2399,2020,71,52,89.51,0.6
chesscom,rapid,2100,2100-2399,2021,60,48,90.16,0.68
chesscom,rapid,2100,2100-2399,2022,73,62,90.14,0.56
chesscom,rapid,2100,2100-2399,2023,75,59,91.71,0.42
chesscom,rapid,2100,2100-2399,2024,69,56,90.06,0.57
chesscom,rapid,2100,2100-2399,2025,84,72,88.86,0.5
chesscom,rapid,2100,2100-2399,2026,65,57,90.08,0.64
lichess,blitz,600,600-899,2014,27,14,78.29,1.81
lichess,blitz,600,600-899,2015,50,27,79.99,1.63
lichess,blitz,600,600-899,2016,49,27,80.63,1.72
lichess,blitz,600,600-899,2017,94,48,80.53,1.22
lichess,blitz,600,600-899,2018,21,16,80.36,2.41
lichess,blitz,600,600-899,2019,79,53,82.02,1.24
lichess,blitz,600,600-899,2020,81,61,79.13,1.3
lichess,blitz,600,600-899,2021,76,62,81.91,1.42
lichess,blitz,600,600-899,2022,67,53,85.38,1.04
lichess,blitz,600,600-899,2023,83,67,81.18,1.3
lichess,blitz,600,600-899,2024,70,49,82.83,1.42
lichess,blitz,600,600-899,2025,57,47,81.36,1.18
lichess,blitz,600,600-899,2026,97,73,83.11,1.07
lichess,blitz,900,900-1199,2014,158,90,81.87,0.88
lichess,blitz,900,900-1199,2015,140,81,82.68,0.93
lichess,blitz,900,900-1199,2016,97,68,82.2,1.14
lichess,blitz,900,900-1199,2017,142,107,83.04,0.92
lichess,blitz,900,900-1199,2018,87,74,82.81,1.17
lichess,blitz,900,900-1199,2019,95,77,81.94,0.99
lichess,blitz,900,900-1199,2020,92,73,80.96,1.09
lichess,blitz,900,900-1199,2021,78,71,84.04,0.9
lichess,blitz,900,900-1199,2022,98,81,82.29,0.84
lichess,blitz,900,900-1199,2023,82,65,85.29,0.84
lichess,blitz,900,900-1199,2024,94,66,83.31,0.91
lichess,blitz,900,900-1199,2025,41,32,82.86,1.23
lichess,blitz,900,900-1199,2026,74,50,86.22,1.01
lichess,blitz,1200,1200-1499,2014,131,101,86.14,0.73
lichess,blitz,1200,1200-1499,2015,125,96,83.39,0.9
lichess,blitz,1200,1200-1499,2016,112,95,86.0,0.77
lichess,blitz,1200,1200-1499,2017,88,71,84.42,1.01
lichess,blitz,1200,1200-1499,2018,80,64,84.91,0.78
lichess,blitz,1200,1200-1499,2019,72,58,85.71,0.86
lichess,blitz,1200,1200-1499,2020,113,91,83.58,0.66
lichess,blitz,1200,1200-1499,2021,82,71,84.04,0.81
lichess,blitz,1200,1200-1499,2022,93,81,87.04,0.64
lichess,blitz,1200,1200-1499,2023,105,92,86.44,0.59
lichess,blitz,1200,1200-1499,2024,92,71,85.65,0.88
lichess,blitz,1200,1200-1499,2025,48,43,84.88,0.97
lichess,blitz,1200,1200-1499,2026,91,76,87.38,0.88
lichess,blitz,1500,1500-1799,2014,127,98,87.16,0.6
lichess,blitz,1500,1500-1799,2015,92,69,85.99,0.73
lichess,blitz,1500,1500-1799,2016,89,73,85.75,0.64
lichess,blitz,1500,1500-1799,2017,89,77,86.26,0.6
lichess,blitz,1500,1500-1799,2018,90,68,86.79,0.64
lichess,blitz,1500,1500-1799,2019,105,83,86.51,0.6
lichess,blitz,1500,1500-1799,2020,70,65,86.5,0.74
lichess,blitz,1500,1500-1799,2021,71,58,85.36,0.77
lichess,blitz,1500,1500-1799,2022,86,78,86.68,0.62
lichess,blitz,1500,1500-1799,2023,108,99,85.68,0.61
lichess,blitz,1500,1500-1799,2024,93,78,88.12,0.56
lichess,blitz,1500,1500-1799,2025,90,64,86.64,0.67
lichess,blitz,1500,1500-1799,2026,104,89,87.7,0.57
lichess,blitz,1800,1800-2099,2014,89,62,88.29,0.51
lichess,blitz,1800,1800-2099,2015,87,60,87.87,0.54
lichess,blitz,1800,1800-2099,2016,109,81,86.72,0.52
lichess,blitz,1800,1800-2099,2017,107,90,87.77,0.56
lichess,blitz,1800,1800-2099,2018,104,87,87.86,0.48
lichess,blitz,1800,1800-2099,2019,109,82,87.62,0.61
lichess,blitz,1800,1800-2099,2020,118,107,88.21,0.52
lichess,blitz,1800,1800-2099,2021,98,82,86.38,0.59
lichess,blitz,1800,1800-2099,2022,100,87,87.23,0.5
lichess,blitz,1800,1800-2099,2023,98,88,87.63,0.42
lichess,blitz,1800,1800-2099,2024,101,86,87.72,0.51
lichess,blitz,1800,1800-2099,2025,101,69,87.31,0.57
lichess,blitz,1800,1800-2099,2026,87,63,88.0,0.55
lichess,blitz,2100,2100-2399,2014,68,35,89.42,0.66
lichess,blitz,2100,2100-2399,2015,101,50,89.27,0.63
lichess,blitz,2100,2100-2399,2016,79,47,89.61,0.55
lichess,blitz,2100,2100-2399,2017,79,51,88.93,0.5
lichess,blitz,2100,2100-2399,2018,77,50,89.03,0.55
lichess,blitz,2100,2100-2399,2019,55,40,88.62,0.59
lichess,blitz,2100,2100-2399,2020,75,65,90.8,0.39
lichess,blitz,2100,2100-2399,2021,79,63,88.27,0.61
lichess,blitz,2100,2100-2399,2022,108,80,88.13,0.46
lichess,blitz,2100,2100-2399,2023,99,72,89.14,0.56
lichess,blitz,2100,2100-2399,2024,87,59,88.34,0.46
lichess,blitz,2100,2100-2399,2025,77,64,88.82,0.55
lichess,blitz,2100,2100-2399,2026,116,95,88.94,0.44
lichess,rapid,600,600-899,2018,16,13,83.95,3.26
lichess,rapid,600,600-899,2019,58,35,83.11,1.4
lichess,rapid,600,600-899,2020,98,65,82.47,1.18
lichess,rapid,600,600-899,2021,69,47,80.77,1.27
lichess,rapid,600,600-899,2022,80,61,79.34,1.04
lichess,rapid,600,600-899,2023,85,53,86.18,0.94
lichess,rapid,600,600-899,2024,104,76,84.13,1.0
lichess,rapid,600,600-899,2025,52,38,82.76,1.73
lichess,rapid,600,600-899,2026,104,66,81.36,0.98
lichess,rapid,900,900-1199,2018,99,81,84.9,1.03
lichess,rapid,900,900-1199,2019,130,101,83.8,0.86
lichess,rapid,900,900-1199,2020,120,91,83.45,0.9
lichess,rapid,900,900-1199,2021,100,85,82.81,1.02
lichess,rapid,900,900-1199,2022,79,70,82.58,0.96
lichess,rapid,900,900-1199,2023,97,66,83.36,0.98
lichess,rapid,900,900-1199,2024,96,85,84.8,0.98
lichess,rapid,900,900-1199,2025,50,34,84.2,1.23
lichess,rapid,900,900-1199,2026,113,87,85.03,0.94
lichess,rapid,1200,1200-1499,2018,76,63,84.48,1.04
lichess,rapid,1200,1200-1499,2019,92,81,85.25,0.84
lichess,rapid,1200,1200-1499,2020,75,71,86.54,1.01
lichess,rapid,1200,1200-1499,2021,75,62,86.17,0.83
lichess,rapid,1200,1200-1499,2022,97,83,85.22,0.6
lichess,rapid,1200,1200-1499,2023,108,83,85.53,0.75
lichess,rapid,1200,1200-1499,2024,81,67,86.31,0.81
lichess,rapid,1200,1200-1499,2025,60,40,84.61,0.89
lichess,rapid,1200,1200-1499,2026,78,69,85.26,0.85
lichess,rapid,1500,1500-1799,2018,82,69,86.51,0.61
lichess,rapid,1500,1500-1799,2019,87,67,87.43,0.67
lichess,rapid,1500,1500-1799,2020,97,72,86.93,0.63
lichess,rapid,1500,1500-1799,2021,66,54,85.24,0.94
lichess,rapid,1500,1500-1799,2022,90,65,85.69,0.67
lichess,rapid,1500,1500-1799,2023,86,70,88.47,0.65
lichess,rapid,1500,1500-1799,2024,81,64,86.21,0.96
lichess,rapid,1500,1500-1799,2025,57,52,85.15,0.75
lichess,rapid,1500,1500-1799,2026,104,78,88.0,0.6
lichess,rapid,1800,1800-2099,2018,99,76,87.74,0.54
lichess,rapid,1800,1800-2099,2019,86,70,89.05,0.56
lichess,rapid,1800,1800-2099,2020,85,67,88.99,0.53
lichess,rapid,1800,1800-2099,2021,81,68,87.99,0.6
lichess,rapid,1800,1800-2099,2022,98,89,87.86,0.52
lichess,rapid,1800,1800-2099,2023,86,72,87.39,0.56
lichess,rapid,1800,1800-2099,2024,82,69,88.42,0.5
lichess,rapid,1800,1800-2099,2025,75,54,87.46,0.72
lichess,rapid,1800,1800-2099,2026,74,60,87.28,0.75
lichess,rapid,2100,2100-2399,2018,78,54,90.02,0.47
lichess,rapid,2100,2100-2399,2019,55,39,90.88,0.67
lichess,rapid,2100,2100-2399,2020,91,67,89.97,0.47
lichess,rapid,2100,2100-2399,2021,75,53,89.18,0.58
lichess,rapid,2100,2100-2399,2022,102,72,90.0,0.53
lichess,rapid,2100,2100-2399,2023,99,74,89.29,0.42
lichess,rapid,2100,2100-2399,2024,94,70,89.58,0.43
lichess,rapid,2100,2100-2399,2025,55,43,89.18,0.5
lichess,rapid,2100,2100-2399,2026,115,85,89.33,0.44
