from,to,formula,intercept,slope,slope_ci_low,slope_ci_high,valid_from,valid_to,formula_vs_table_max_gap,straight_line_adequate,curvature_max_deviation,curvature_p_value,source,people,outliers_dropped,correlation,deming_slope,deming_error_ratio,deming_ratio_from_rd,ols_intercept,ols_slope,ols_residual_sd
chess.com rapid,chess.com blitz,chess.com blitz ≈ -315 + 1.08 × chess.com rapid,-315.6604,1.0807,1.0574,1.1026,716.0,2306.95,68.6477,False,100.7854,0.0,current-rating survey,1642,5,0.8984,1.1084,0.7403,True,-149.5195,0.9709,230.3596
chess.com blitz,chess.com rapid,chess.com rapid ≈ 285 + 0.93 × chess.com blitz,292.0881,0.9253,0.907,0.9457,567.0,2307.925,87.5333,False,100.7854,0.0,current-rating survey,1642,5,0.8984,0.9022,1.3507,True,416.1399,0.8313,213.1572
Lichess rapid,Lichess blitz,Lichess blitz ≈ -151 + 1.05 × Lichess rapid,-146.5016,1.047,1.0352,1.059,1105.325,2540.025,20.1823,True,17.8787,0.0,current-rating survey,5294,49,0.9335,1.0644,0.6836,True,-15.8356,0.9774,132.3037
Lichess blitz,Lichess rapid,Lichess rapid ≈ 133 + 0.96 × Lichess blitz,139.9283,0.9551,0.9443,0.966,1035.65,2514.35,10.1988,True,17.8787,0.0,current-rating survey,5294,49,0.9335,0.9395,1.4628,True,255.4289,0.8916,126.3674
chess.com rapid,Lichess rapid,Lichess rapid ≈ 732 + 0.68 × chess.com rapid,733.9691,0.6785,0.6231,0.7394,674.9,2531.325,45.0099,True,20.8662,0.489,linked accounts,114,2,0.8889,0.6339,1.6058,True,865.3033,0.6031,163.9752
Lichess rapid,chess.com rapid,chess.com rapid ≈ -1076 + 1.47 × Lichess rapid,-1081.7969,1.4739,1.3524,1.6048,1228.525,2590.925,63.3174,True,20.8662,0.489,linked accounts,114,2,0.8889,1.5775,0.6227,True,-768.0689,1.3102,241.6831
chess.com blitz,Lichess blitz,Lichess blitz ≈ 820 + 0.63 × chess.com blitz,823.8622,0.6273,0.5979,0.659,822.75,2702.15,26.4999,True,24.8284,0.0127,linked accounts,195,1,0.9356,0.6031,1.4645,True,899.6634,0.5869,117.432
Lichess blitz,chess.com blitz,chess.com blitz ≈ -1307 + 1.59 × Lichess blitz,-1313.4415,1.5942,1.5174,1.6726,1368.25,2582.3,51.5319,True,24.8284,0.0127,linked accounts,195,1,0.9356,1.658,0.6828,True,-1108.0506,1.4916,187.2158
chess.com rapid,Lichess blitz,Lichess blitz ≈ 476 + 0.81 × chess.com rapid,481.8216,0.806,0.7398,0.8728,751.25,2534.125,85.6172,True,122.9279,0.0189,linked accounts,166,0,0.8572,0.7603,1.3621,True,698.5765,0.6909,200.6467
Lichess blitz,chess.com rapid,chess.com rapid ≈ -597 + 1.24 × Lichess blitz,-597.8304,1.2408,1.1457,1.3517,1233.125,2702.75,107.3442,True,122.9279,0.0189,linked accounts,166,0,0.8572,1.3153,0.7342,True,-243.5314,1.0636,248.9566
chess.com blitz,Lichess rapid,Lichess rapid ≈ 937 + 0.59 × chess.com blitz,930.0496,0.5949,0.5409,0.6484,808.875,2661.275,21.0527,True,1.9671,0.8786,linked accounts,112,3,0.9012,0.5545,1.7068,True,1032.8498,0.5361,136.7363
Lichess rapid,chess.com blitz,chess.com blitz ≈ -1562 + 1.68 × Lichess rapid,-1563.5015,1.6811,1.5422,1.8489,1378.75,2527.275,32.181,True,1.9671,0.8786,linked accounts,112,3,0.9012,1.8036,0.5859,True,-1236.1707,1.515,229.8667
