from,rating,to,equivalent,ci_low,ci_high,formula,typical,typical_low,typical_high,extrapolated,people,source
chess.com rapid,800,chess.com blitz,617.0331,594.947,639.8399,548.9018,627.1849,175.6802,1078.6897,False,1642,current-rating survey
chess.com rapid,1000,chess.com blitz,782.8584,768.1264,798.7798,765.0424,821.361,369.8563,1272.8658,False,1642,current-rating survey
chess.com rapid,1200,chess.com blitz,962.5208,942.9748,983.2315,981.183,1015.5372,564.0324,1467.0419,False,1642,current-rating survey
chess.com rapid,1400,chess.com blitz,1133.724,1110.1496,1165.0493,1197.3236,1209.7133,758.2085,1661.218,False,1642,current-rating survey
chess.com rapid,1600,chess.com blitz,1363.5837,1334.5295,1392.8064,1413.4641,1403.8894,952.3846,1855.3942,False,1642,current-rating survey
chess.com rapid,1800,chess.com blitz,1565.137,1534.538,1596.1933,1629.6047,1598.0655,1146.5607,2049.5703,False,1642,current-rating survey
chess.com rapid,2000,chess.com blitz,1802.3923,1764.8138,1837.7897,1845.7453,1792.2416,1340.7369,2243.7464,False,1642,current-rating survey
chess.com rapid,2200,chess.com blitz,2130.5336,2102.4419,2157.3451,2061.8858,1986.4177,1534.913,2437.9225,False,1642,current-rating survey
chess.com rapid,800,Lichess rapid,1295.2591,1240.1304,1356.3385,1276.7468,1347.795,1026.4035,1669.1865,False,114,linked accounts
chess.com rapid,1000,Lichess rapid,1429.7142,1382.4372,1474.1724,1412.4412,1468.418,1147.0265,1789.8094,False,114,linked accounts
chess.com rapid,1200,Lichess rapid,1564.1692,1516.3008,1608.5697,1548.1357,1589.0409,1267.6494,1910.4324,False,114,linked accounts
chess.com rapid,1400,Lichess rapid,1696.2417,1640.8983,1734.9513,1683.8301,1709.6638,1388.2723,2031.0553,False,114,linked accounts
chess.com rapid,1600,Lichess rapid,1803.2253,1762.0195,1840.1624,1819.5245,1830.2868,1508.8953,2151.6782,False,114,linked accounts
chess.com rapid,1800,Lichess rapid,1910.209,1873.0601,1955.6593,1955.2189,1950.9097,1629.5182,2272.3012,False,114,linked accounts
chess.com rapid,2000,Lichess rapid,2052.4791,2014.182,2085.9151,2090.9134,2071.5326,1750.1411,2392.9241,False,114,linked accounts
chess.com rapid,2200,Lichess rapid,2210.9114,2172.936,2254.7152,2226.6078,2192.1556,1870.7641,2513.547,False,114,linked accounts
chess.com rapid,800,Lichess blitz,1209.7187,1116.8746,1292.2656,1126.5819,1251.2806,858.0131,1644.5481,False,166,linked accounts
chess.com rapid,1000,Lichess blitz,1359.0165,1285.1692,1435.7056,1287.7719,1389.4566,996.1891,1782.7241,False,166,linked accounts
chess.com rapid,1200,Lichess blitz,1498.767,1437.2909,1558.4371,1448.962,1527.6326,1134.3651,1920.9001,False,166,linked accounts
chess.com rapid,1400,Lichess blitz,1638.5175,1580.2197,1693.2609,1610.1521,1665.8086,1272.5411,2059.0762,False,166,linked accounts
chess.com rapid,1600,Lichess blitz,1752.8248,1708.7287,1789.006,1771.3422,1803.9847,1410.7172,2197.2522,False,166,linked accounts
chess.com rapid,1800,Lichess blitz,1851.9655,1818.4606,1891.6503,1932.5322,1942.1607,1548.8932,2335.4282,False,166,linked accounts
chess.com rapid,2000,Lichess blitz,2008.1051,1966.915,2038.0889,2093.7223,2080.3367,1687.0692,2473.6042,False,166,linked accounts
chess.com rapid,2200,Lichess blitz,2222.5923,2173.8537,2270.2525,2254.9124,2218.5127,1825.2452,2611.7803,False,166,linked accounts
chess.com blitz,800,chess.com rapid,1023.9288,1001.5579,1046.1241,1032.3471,1081.1729,663.3848,1498.961,False,1642,current-rating survey
chess.com blitz,1000,chess.com rapid,1244.4066,1218.8163,1265.3795,1217.4118,1247.4311,829.6431,1665.2192,False,1642,current-rating survey
chess.com blitz,1200,chess.com rapid,1454.6657,1432.0457,1475.1233,1402.4766,1413.6894,995.9013,1831.4775,False,1642,current-rating survey
chess.com blitz,1400,chess.com rapid,1627.6664,1605.0893,1656.2175,1587.5413,1579.9477,1162.1596,1997.7357,False,1642,current-rating survey
chess.com blitz,1600,chess.com rapid,1833.8348,1803.8052,1864.1852,1772.6061,1746.2059,1328.4178,2163.994,False,1642,current-rating survey
chess.com blitz,1800,chess.com rapid,1998.8816,1979.7086,2016.6328,1957.6708,1912.4642,1494.6761,2330.2522,False,1642,current-rating survey
chess.com blitz,2000,chess.com rapid,2116.0156,2097.8546,2130.8261,2142.7356,2078.7224,1660.9343,2496.5105,False,1642,current-rating survey
chess.com blitz,2200,chess.com rapid,2240.267,2224.5391,2258.8159,2327.8003,2244.9807,1827.1926,2662.7688,False,1642,current-rating survey
chess.com blitz,800,Lichess rapid,1390.9441,1288.4205,1485.826,1405.93,1461.701,1193.6979,1729.7042,True,112,linked accounts
chess.com blitz,1000,Lichess rapid,1523.3322,1433.3585,1586.5532,1524.9001,1568.9138,1300.9107,1836.917,False,112,linked accounts
chess.com blitz,1200,Lichess rapid,1655.7203,1595.8293,1696.3954,1643.8702,1676.1267,1408.1235,1944.1298,False,112,linked accounts
chess.com blitz,1400,Lichess rapid,1782.1303,1739.3155,1813.0374,1762.8403,1783.3395,1515.3363,2051.3426,False,112,linked accounts
chess.com blitz,1600,Lichess rapid,1879.9516,1842.5941,1911.0479,1881.8104,1890.5523,1622.5491,2158.5554,False,112,linked accounts
chess.com blitz,1800,Lichess rapid,1979.7278,1935.7892,2023.6112,2000.7805,1997.7651,1729.7619,2265.7682,False,112,linked accounts
chess.com blitz,2000,Lichess rapid,2111.072,2074.3882,2146.7823,2119.7506,2104.9779,1836.9747,2372.9811,False,112,linked accounts
chess.com blitz,2200,Lichess rapid,2240.7053,2206.0172,2280.8981,2238.7207,2212.1907,1944.1875,2480.1939,False,112,linked accounts
chess.com blitz,800,Lichess blitz,1319.2814,1284.2044,1418.2293,1325.6658,1369.1665,1138.9998,1599.3331,True,195,linked accounts
chess.com blitz,1000,Lichess blitz,1454.8285,1422.386,1523.8984,1451.1167,1486.5422,1256.3755,1716.7089,False,195,linked accounts
chess.com blitz,1200,Lichess blitz,1591.7274,1559.0464,1639.7692,1576.5676,1603.918,1373.7513,1834.0847,False,195,linked accounts
chess.com blitz,1400,Lichess blitz,1718.0434,1683.8808,1747.2624,1702.0186,1721.2937,1491.127,1951.4604,False,195,linked accounts
chess.com blitz,1600,Lichess blitz,1818.1308,1790.5568,1845.6695,1827.4695,1838.6695,1608.5028,2068.8362,False,195,linked accounts
chess.com blitz,1800,Lichess blitz,1926.4205,1902.3107,1954.4965,1952.9204,1956.0453,1725.8786,2186.2119,False,195,linked accounts
chess.com blitz,2000,Lichess blitz,2052.6055,2022.0462,2077.3962,2078.3713,2073.421,1843.2543,2303.5877,False,195,linked accounts
chess.com blitz,2200,Lichess blitz,2192.5317,2166.6373,2216.8847,2203.8222,2190.7968,1960.6301,2420.9635,False,195,linked accounts
Lichess rapid,800,chess.com rapid,69.876,-64.2654,192.1408,97.323,280.0869,-193.612,753.7857,True,114,linked accounts
Lichess rapid,1000,chess.com rapid,364.656,249.9013,467.154,392.1029,542.1258,68.4269,1015.8247,True,114,linked accounts
Lichess rapid,1200,chess.com rapid,659.4359,558.929,744.5907,686.8829,804.1647,330.4659,1277.8636,True,114,linked accounts
Lichess rapid,1400,chess.com rapid,955.8006,876.2502,1025.1639,981.6629,1066.2037,592.5048,1539.9025,False,114,linked accounts
Lichess rapid,1600,chess.com rapid,1253.2977,1188.1767,1332.6978,1276.4428,1328.2426,854.5437,1801.9415,False,114,linked accounts
Lichess rapid,1800,chess.com rapid,1593.9704,1526.0234,1666.133,1571.2228,1590.2815,1116.5827,2063.9804,False,114,linked accounts
Lichess rapid,2000,chess.com rapid,1929.3202,1870.4171,1982.556,1866.0028,1852.3205,1378.6216,2326.0193,False,114,linked accounts
Lichess rapid,2200,chess.com rapid,2188.4281,2146.109,2231.3924,2160.7828,2114.3594,1640.6606,2588.0583,False,114,linked accounts
Lichess rapid,800,chess.com blitz,-192.532,-443.0916,29.9652,-218.6257,-24.2031,-474.7418,426.3357,True,112,linked accounts
Lichess rapid,1000,chess.com blitz,143.6869,-77.8972,341.4198,117.5932,278.7888,-171.7499,729.3276,True,112,linked accounts
Lichess rapid,1200,chess.com blitz,479.9059,283.9158,659.939,453.8121,581.7807,131.242,1032.3195,True,112,linked accounts
Lichess rapid,1400,chess.com blitz,813.6809,643.4141,962.6965,790.0311,884.7726,434.2339,1335.3114,False,112,linked accounts
Lichess rapid,1600,chess.com blitz,1115.8228,1026.2127,1205.5584,1126.25,1187.7645,737.2258,1638.3033,False,112,linked accounts
Lichess rapid,1800,chess.com blitz,1436.5354,1374.0543,1510.1046,1462.469,1490.7564,1040.2177,1941.2952,False,112,linked accounts
Lichess rapid,2000,chess.com blitz,1830.8689,1757.3058,1901.4809,1798.6879,1793.7483,1343.2096,2244.2871,False,112,linked accounts
Lichess rapid,2200,chess.com blitz,2135.5321,2077.8283,2190.2149,2134.9068,2096.7403,1646.2015,2547.279,False,112,linked accounts
Lichess rapid,800,Lichess blitz,724.6869,700.1596,745.3508,691.0794,766.0623,506.7471,1025.3776,True,5294,current-rating survey
Lichess rapid,1000,Lichess blitz,934.0822,910.9594,953.3264,900.4746,961.5368,702.2216,1220.8521,True,5294,current-rating survey
Lichess rapid,1200,Lichess blitz,1130.0522,1113.6817,1145.8087,1109.8699,1157.0113,897.6961,1416.3266,False,5294,current-rating survey
Lichess rapid,1400,Lichess blitz,1318.3354,1303.4353,1331.3928,1319.2651,1352.4858,1093.1706,1611.801,False,5294,current-rating survey
Lichess rapid,1600,Lichess blitz,1523.7148,1512.7283,1534.2404,1528.6604,1547.9603,1288.645,1807.2755,False,5294,current-rating survey
Lichess rapid,1800,Lichess blitz,1735.0717,1727.8866,1742.6348,1738.0556,1743.4348,1484.1195,2002.75,False,5294,current-rating survey
Lichess rapid,2000,Lichess blitz,1937.6593,1930.6851,1944.7121,1947.4509,1938.9093,1679.594,2198.2245,False,5294,current-rating survey
Lichess rapid,2200,Lichess blitz,2154.918,2146.7051,2163.737,2156.8461,2134.3837,1875.0685,2393.699,False,5294,current-rating survey
Lichess blitz,800,chess.com rapid,291.6329,160.868,425.1444,394.7866,607.3638,119.4088,1095.3189,True,166,linked accounts
Lichess blitz,1000,chess.com rapid,539.7871,419.8333,660.6904,642.9409,820.0877,332.1326,1308.0427,True,166,linked accounts
Lichess blitz,1200,chess.com rapid,787.9414,682.4061,899.0924,891.0951,1032.8115,544.8565,1520.7665,True,166,linked accounts
Lichess blitz,1400,chess.com rapid,1058.6524,937.0544,1149.5392,1139.2493,1245.5353,757.5803,1733.4903,False,166,linked accounts
Lichess blitz,1600,chess.com rapid,1344.8768,1261.6149,1427.0355,1387.4036,1458.2591,970.3041,1946.2141,False,166,linked accounts
Lichess blitz,1800,chess.com rapid,1695.1681,1624.0511,1761.2952,1635.5578,1670.9829,1183.0279,2158.9379,False,166,linked accounts
Lichess blitz,2000,chess.com rapid,1991.0563,1957.078,2036.5833,1883.7121,1883.7067,1395.7517,2371.6618,False,166,linked accounts
Lichess blitz,2200,chess.com rapid,2181.4157,2149.455,2222.9435,2131.8663,2096.4305,1608.4755,2584.3856,False,166,linked accounts
Lichess blitz,800,chess.com blitz,-27.8639,-201.7571,48.9828,-38.0423,85.2525,-281.6905,452.1956,True,195,linked accounts
Lichess blitz,1000,chess.com blitz,290.986,121.0602,360.6043,280.8076,383.5783,16.6353,750.5213,True,195,linked accounts
Lichess blitz,1200,chess.com blitz,609.8358,448.3403,669.9193,599.6574,681.9041,314.961,1048.8471,True,195,linked accounts
Lichess blitz,1400,chess.com blitz,919.8992,770.9445,968.9855,918.5072,980.2298,613.2868,1347.1729,False,195,linked accounts
Lichess blitz,1600,chess.com blitz,1212.0858,1137.3502,1262.4683,1237.357,1278.5556,911.6126,1645.4986,False,195,linked accounts
Lichess blitz,1800,chess.com blitz,1563.7701,1510.949,1619.676,1556.2068,1576.8814,1209.9383,1943.8244,False,195,linked accounts
Lichess blitz,2000,chess.com blitz,1926.5886,1878.7142,1968.9928,1875.0566,1875.2071,1508.2641,2242.1502,False,195,linked accounts
Lichess blitz,2200,chess.com blitz,2211.6656,2174.7733,2250.0143,2193.9065,2173.5329,1806.5899,2540.476,False,195,linked accounts
Lichess blitz,800,Lichess rapid,871.9339,852.53,894.4893,904.0335,968.7358,721.0557,1216.416,True,5294,current-rating survey
Lichess blitz,1000,Lichess rapid,1062.9602,1044.9053,1084.4642,1095.0598,1147.0626,899.3824,1394.7427,True,5294,current-rating survey
Lichess blitz,1200,Lichess rapid,1275.8873,1258.8587,1291.7513,1286.0861,1325.3893,1077.7091,1573.0695,False,5294,current-rating survey
Lichess blitz,1400,Lichess rapid,1480.8163,1469.8843,1491.7168,1477.1124,1503.716,1256.0359,1751.3962,False,5294,current-rating survey
Lichess blitz,1600,Lichess rapid,1672.7622,1663.3761,1681.7706,1668.1387,1682.0428,1434.3626,1929.7229,False,5294,current-rating survey
Lichess blitz,1800,Lichess rapid,1866.4782,1859.3369,1874.3644,1859.165,1860.3695,1612.6893,2108.0496,False,5294,current-rating survey
Lichess blitz,2000,Lichess rapid,2055.9436,2049.1336,2062.393,2050.1913,2038.6962,1791.016,2286.3764,False,5294,current-rating survey
Lichess blitz,2200,Lichess rapid,2232.6196,2225.8336,2241.6914,2241.2176,2217.0229,1969.3428,2464.7031,False,5294,current-rating survey
