from,to,rating,benchmark,this_study,this_study_ci_low,this_study_ci_high,this_study_formula,this_study_typical,difference
chess.com blitz,Lichess blitz,1000,1425,1454.8285,1422.386,1523.8984,1451.1167,1486.5422,29.8285
chess.com blitz,Lichess blitz,1500,1755,1768.0871,1739.3242,1794.9204,1764.744,1779.9816,13.0871
chess.com blitz,Lichess blitz,2000,2080,2052.6055,2022.0462,2077.3962,2078.3713,2073.421,-27.3945
chess.com blitz,Lichess rapid,1000,1615,1523.3322,1433.3585,1586.5532,1524.9001,1568.9138,-91.6678
chess.com blitz,Lichess rapid,1500,1905,1831.041,1794.8425,1860.2246,1822.3254,1836.9459,-73.959
chess.com blitz,Lichess rapid,2000,2165,2111.072,2074.3882,2146.7823,2119.7506,2104.9779,-53.928
chess.com blitz,chess.com rapid,1000,1255,1244.4066,1218.8163,1265.3795,1217.4118,1247.4311,-10.5934
chess.com blitz,chess.com rapid,1500,1655,1732.1838,1698.308,1761.0613,1680.0737,1663.0768,77.1838
chess.com blitz,chess.com rapid,2000,1995,2116.0156,2097.8546,2130.8261,2142.7356,2078.7224,121.0156
