from,to,via,rating,direct,chained,discrepancy
chess.com rapid,chess.com blitz,Lichess rapid,1000,782.8584,858.5704,75.712
chess.com rapid,chess.com blitz,Lichess rapid,1500,1259.8586,1342.0267,82.168
chess.com rapid,chess.com blitz,Lichess rapid,2000,1802.3923,1910.7797,108.3874
chess.com rapid,chess.com blitz,Lichess blitz,1000,782.8584,860.025,77.1666
chess.com rapid,chess.com blitz,Lichess blitz,1500,1259.8586,1370.4479,110.5893
chess.com rapid,chess.com blitz,Lichess blitz,2000,1802.3923,1937.8993,135.507
chess.com rapid,Lichess rapid,chess.com blitz,1000,1429.7142,1380.2114,-49.5027
chess.com rapid,Lichess rapid,chess.com blitz,1500,1749.7335,1695.3431,-54.3904
chess.com rapid,Lichess rapid,chess.com blitz,2000,2052.4791,1981.2988,-71.1803
chess.com rapid,Lichess rapid,Lichess blitz,1000,1429.7142,1441.1306,11.4165
chess.com rapid,Lichess rapid,Lichess blitz,1500,1749.7335,1767.7287,17.9952
chess.com rapid,Lichess rapid,Lichess blitz,2000,2052.4791,2064.8945,12.4153
chess.com rapid,Lichess blitz,chess.com blitz,1000,1359.0165,1308.5292,-50.4873
chess.com rapid,Lichess blitz,chess.com blitz,1500,1703.2545,1632.7002,-70.5542
chess.com rapid,Lichess blitz,chess.com blitz,2000,2008.1051,1927.768,-80.3371
chess.com rapid,Lichess blitz,Lichess rapid,1000,1359.0165,1347.7248,-11.2917
chess.com rapid,Lichess blitz,Lichess rapid,1500,1703.2545,1682.3282,-20.9263
chess.com rapid,Lichess blitz,Lichess rapid,2000,2008.1051,1996.8434,-11.2617
chess.com blitz,chess.com rapid,Lichess rapid,1000,1244.4066,1139.2554,-105.1511
chess.com blitz,chess.com rapid,Lichess rapid,1500,1732.1838,1651.9997,-80.1841
chess.com blitz,chess.com rapid,Lichess rapid,2000,2116.0156,2078.9139,-37.1017
chess.com blitz,chess.com rapid,Lichess blitz,1000,1244.4066,1137.1187,-107.2878
chess.com blitz,chess.com rapid,Lichess blitz,1500,1732.1838,1630.7891,-101.3947
chess.com blitz,chess.com rapid,Lichess blitz,2000,2116.0156,2049.105,-66.9106
chess.com blitz,Lichess rapid,chess.com rapid,1000,1523.3322,1594.0227,70.6905
chess.com blitz,Lichess rapid,chess.com rapid,1500,1831.041,1873.9329,42.892
chess.com blitz,Lichess rapid,chess.com rapid,2000,2111.072,2138.6197,27.5477
chess.com blitz,Lichess rapid,Lichess blitz,1000,1523.3322,1534.2115,10.8793
chess.com blitz,Lichess rapid,Lichess blitz,1500,1831.041,1834.2267,3.1857
chess.com blitz,Lichess rapid,Lichess blitz,2000,2111.072,2106.1538,-4.9182
chess.com blitz,Lichess blitz,chess.com rapid,1000,1454.8285,1529.7962,74.9676
chess.com blitz,Lichess blitz,chess.com rapid,1500,1768.0871,1818.3488,50.2617
chess.com blitz,Lichess blitz,chess.com rapid,2000,2052.6055,2120.4951,67.8896
chess.com blitz,Lichess blitz,Lichess rapid,1000,1454.8285,1443.8354,-10.9932
chess.com blitz,Lichess blitz,Lichess rapid,1500,1768.0871,1765.3331,-2.754
chess.com blitz,Lichess blitz,Lichess rapid,2000,2052.6055,2058.5819,5.9764
Lichess rapid,chess.com rapid,chess.com blitz,1000,364.656,316.9559,-47.7001
Lichess rapid,chess.com rapid,chess.com blitz,1500,1104.5492,1202.6458,98.0966
Lichess rapid,chess.com rapid,chess.com blitz,2000,1929.3202,2013.3125,83.9923
Lichess rapid,chess.com rapid,Lichess blitz,1000,364.656,457.9982,93.3422
Lichess rapid,chess.com rapid,Lichess blitz,1500,1104.5492,1087.565,-16.9841
Lichess rapid,chess.com rapid,Lichess blitz,2000,1929.3202,1922.265,-7.0552
Lichess rapid,chess.com blitz,chess.com rapid,1000,143.6869,195.2365,51.5496
Lichess rapid,chess.com blitz,chess.com rapid,1500,964.7519,875.8515,-88.9004
Lichess rapid,chess.com blitz,chess.com rapid,2000,1830.8689,1688.2893,-142.5796
Lichess rapid,chess.com blitz,Lichess blitz,1000,143.6869,185.8965,42.2096
Lichess rapid,chess.com blitz,Lichess blitz,1500,964.7519,949.4141,-15.3378
Lichess rapid,chess.com blitz,Lichess blitz,2000,1830.8689,1819.9534,-10.9155
Lichess rapid,Lichess blitz,chess.com rapid,1000,934.0822,858.853,-75.2292
Lichess rapid,Lichess blitz,chess.com rapid,1500,1420.2028,1432.0705,11.8677
Lichess rapid,Lichess blitz,chess.com rapid,2000,1937.6593,1944.0529,6.3936
Lichess rapid,Lichess blitz,chess.com blitz,1000,934.0822,907.606,-26.4762
Lichess rapid,Lichess blitz,chess.com blitz,1500,1420.2028,1430.7014,10.4986
Lichess rapid,Lichess blitz,chess.com blitz,2000,1937.6593,1943.8074,6.1482
Lichess blitz,chess.com rapid,chess.com blitz,1000,539.7871,453.2552,-86.532
Lichess blitz,chess.com rapid,chess.com blitz,1500,1201.7646,1310.5756,108.811
Lichess blitz,chess.com rapid,chess.com blitz,2000,1991.0563,2067.9033,76.8471
Lichess blitz,chess.com rapid,Lichess rapid,1000,539.7871,457.453,-82.3342
Lichess blitz,chess.com rapid,Lichess rapid,1500,1201.7646,1219.3256,17.561
Lichess blitz,chess.com rapid,Lichess rapid,2000,1991.0563,2004.6661,13.6098
Lichess blitz,chess.com blitz,chess.com rapid,1000,290.986,384.5013,93.5153
Lichess blitz,chess.com blitz,chess.com rapid,1500,1065.9925,964.0088,-101.9837
Lichess blitz,chess.com blitz,chess.com rapid,2000,1926.5886,1783.2609,-143.3276
Lichess blitz,chess.com blitz,Lichess rapid,1000,290.986,249.529,-41.457
Lichess blitz,chess.com blitz,Lichess rapid,1500,1065.9925,1081.3203,15.3278
Lichess blitz,chess.com blitz,Lichess rapid,2000,1926.5886,1916.0551,-10.5334
Lichess blitz,Lichess rapid,chess.com rapid,1000,1062.9602,1118.8216,55.8614
Lichess blitz,Lichess rapid,chess.com rapid,1500,1577.1614,1565.3555,-11.8058
Lichess blitz,Lichess rapid,chess.com rapid,2000,2055.9436,2045.8385,-10.1052
Lichess blitz,Lichess rapid,chess.com blitz,1000,1062.9602,1087.6209,24.6607
Lichess blitz,Lichess rapid,chess.com blitz,1500,1577.1614,1567.0153,-10.1461
Lichess blitz,Lichess rapid,chess.com blitz,2000,2055.9436,2062.8611,6.9175
