time_class,year,observations,with_reported_accuracy,coverage
blitz,2014,804,0,0.0
blitz,2015,798,2,0.0025
blitz,2016,908,0,0.0
blitz,2017,916,0,0.0
blitz,2018,1010,2,0.002
blitz,2019,996,12,0.012
blitz,2020,842,58,0.0689
blitz,2021,786,108,0.1374
blitz,2022,932,82,0.088
blitz,2023,892,136,0.1525
blitz,2024,834,102,0.1223
blitz,2025,1000,108,0.108
blitz,2026,636,54,0.0849
rapid,2014,534,8,0.015
rapid,2015,812,0,0.0
rapid,2016,630,2,0.0032
rapid,2017,696,2,0.0029
rapid,2018,636,10,0.0157
rapid,2019,580,62,0.1069
rapid,2020,778,130,0.1671
rapid,2021,748,182,0.2433
rapid,2022,818,116,0.1418
rapid,2023,764,200,0.2618
rapid,2024,850,220,0.2588
rapid,2025,844,168,0.1991
rapid,2026,774,166,0.2145
