platform,time_class,year,observations,players,median_rating
chesscom,blitz,2014,473,332,1472.0
chesscom,blitz,2015,459,348,1312.0
chesscom,blitz,2016,530,402,1608.0
chesscom,blitz,2017,515,405,1481.0
chesscom,blitz,2018,556,450,1539.5
chesscom,blitz,2019,526,455,1464.5
chesscom,blitz,2020,489,404,1567.0
chesscom,blitz,2021,474,381,1506.5
chesscom,blitz,2022,558,466,1465.5
chesscom,blitz,2023,498,429,1499.5
chesscom,blitz,2024,478,411,1430.0
chesscom,blitz,2025,562,467,1562.5
chesscom,blitz,2026,398,324,1513.0
chesscom,rapid,2014,394,286,1374.0
chesscom,rapid,2015,539,426,1411.0
chesscom,rapid,2016,440,329,1496.0
chesscom,rapid,2017,513,390,1535.0
chesscom,rapid,2018,466,336,1485.0
chesscom,rapid,2019,409,311,1551.0
chesscom,rapid,2020,466,384,1573.5
chesscom,rapid,2021,473,377,1497.0
chesscom,rapid,2022,496,418,1449.0
chesscom,rapid,2023,465,389,1516.0
chesscom,rapid,2024,499,419,1596.0
chesscom,rapid,2025,501,410,1557.0
chesscom,rapid,2026,461,386,1419.0
lichess,blitz,2014,600,367,1466.5
lichess,blitz,2015,595,370,1452.0
lichess,blitz,2016,535,386,1548.0
lichess,blitz,2017,599,440,1414.0
lichess,blitz,2018,459,351,1615.0
lichess,blitz,2019,515,384,1520.0
lichess,blitz,2020,549,459,1460.0
lichess,blitz,2021,484,401,1512.5
lichess,blitz,2022,552,455,1592.0
lichess,blitz,2023,575,477,1565.0
lichess,blitz,2024,537,403,1555.0
lichess,blitz,2025,414,315,1746.0
lichess,blitz,2026,569,434,1543.0
lichess,rapid,2018,450,351,1627.5
lichess,rapid,2019,508,390,1435.0
lichess,rapid,2020,566,419,1450.5
lichess,rapid,2021,466,364,1454.5
lichess,rapid,2022,546,435,1548.5
lichess,rapid,2023,561,407,1486.0
lichess,rapid,2024,538,426,1450.0
lichess,rapid,2025,349,258,1562.0
lichess,rapid,2026,588,440,1496.5
