year,time_class,source,target,rating,equivalent,ci_low,ci_high,offset,offset_ci_low,offset_ci_high,n_source,n_target
2014,blitz,chesscom,lichess,800,1135.0,984.325,1299.1,335.0,184.325,499.1,473,600
2014,blitz,chesscom,lichess,900,1198.0,1062.95,1344.575,298.0,162.95,444.575,473,600
2014,blitz,chesscom,lichess,1000,1263.0,1137.0,1403.925,263.0,137.0,403.925,473,600
2014,blitz,chesscom,lichess,1100,1328.0,1214.75,1463.35,228.0,114.75,363.35,473,600
2014,blitz,chesscom,lichess,1200,1393.0,1279.475,1529.05,193.0,79.475,329.05,473,600
2014,blitz,chesscom,lichess,1300,1459.0,1345.0,1604.05,159.0,45.0,304.05,473,600
2014,blitz,chesscom,lichess,1400,1526.0,1403.275,1682.35,126.0,3.275,282.35,473,600
2014,blitz,chesscom,lichess,1500,1594.0,1461.85,1775.675,94.0,-38.15,275.675,473,600
2014,blitz,chesscom,lichess,1600,1664.0,1524.9,1866.05,64.0,-75.1,266.05,473,600
2014,blitz,chesscom,lichess,1700,1736.0,1589.3,1940.1,36.0,-110.7,240.1,473,600
2014,blitz,chesscom,lichess,1800,1810.0,1649.1,2056.45,10.0,-150.9,256.45,473,600
2014,blitz,chesscom,lichess,1900,1890.0,1709.475,2124.2,-10.0,-190.525,224.2,473,600
2014,blitz,chesscom,lichess,2000,1977.0,,,-23.0,,,473,600
2014,blitz,chesscom,lichess,2100,2082.0,,,-18.0,,,473,600
2014,blitz,chesscom,lichess,2200,,,,,,,473,600
2014,blitz,lichess,chesscom,800,,,,,,,600,473
2014,blitz,lichess,chesscom,900,,,,,,,600,473
2014,blitz,lichess,chesscom,1000,,,,,,,600,473
2014,blitz,lichess,chesscom,1100,747.0,639.25,949.75,353.0,150.25,460.75,600,473
2014,blitz,lichess,chesscom,1200,904.0,704.925,1075.7,296.0,124.3,495.075,600,473
2014,blitz,lichess,chesscom,1300,1059.0,872.8,1223.0,241.0,77.0,427.2,600,473
2014,blitz,lichess,chesscom,1400,1212.0,1039.0,1375.525,188.0,24.475,361.0,600,473
2014,blitz,lichess,chesscom,1500,1362.0,1199.225,1552.575,138.0,-52.575,300.775,600,473
2014,blitz,lichess,chesscom,1600,1509.0,1316.7,1710.15,91.0,-110.15,283.3,600,473
2014,blitz,lichess,chesscom,1700,1652.0,1428.425,1876.35,48.0,-176.35,271.575,600,473
2014,blitz,lichess,chesscom,1800,1788.0,1549.6,2040.8,12.0,-240.8,250.4,600,473
2014,blitz,lichess,chesscom,1900,1914.0,1615.9,2224.75,-14.0,-324.75,284.1,600,473
2014,blitz,lichess,chesscom,2000,2025.0,1703.5,2309.0,-25.0,-309.0,296.5,600,473
2014,blitz,lichess,chesscom,2100,2115.0,,,-15.0,,,600,473
2014,blitz,lichess,chesscom,2200,2174.0,,,26.0,,,600,473
2015,blitz,chesscom,lichess,800,997.0,748.0,1310.875,197.0,-52.0,510.875,459,595
2015,blitz,chesscom,lichess,900,1094.0,834.0,1349.25,194.0,-66.0,449.25,459,595
2015,blitz,chesscom,lichess,1000,1189.0,910.325,1420.975,189.0,-89.675,420.975,459,595
2015,blitz,chesscom,lichess,1100,1282.0,978.375,1508.375,182.0,-121.625,408.375,459,595
2015,blitz,chesscom,lichess,1200,1372.0,1147.125,1586.475,172.0,-52.875,386.475,459,595
2015,blitz,chesscom,lichess,1300,1462.0,1220.175,1658.675,162.0,-79.825,358.675,459,595
2015,blitz,chesscom,lichess,1400,1550.0,1329.425,1722.25,150.0,-70.575,322.25,459,595
2015,blitz,chesscom,lichess,1500,1636.0,1443.75,1793.05,136.0,-56.25,293.05,459,595
2015,blitz,chesscom,lichess,1600,1722.0,1535.475,1863.05,122.0,-64.525,263.05,459,595
2015,blitz,chesscom,lichess,1700,1807.0,1641.6,1948.0,107.0,-58.4,248.0,459,595
2015,blitz,chesscom,lichess,1800,1891.0,1740.95,2072.35,91.0,-59.05,272.35,459,595
2015,blitz,chesscom,lichess,1900,1974.0,1815.0,2186.2,74.0,-85.0,286.2,459,595
2015,blitz,chesscom,lichess,2000,2056.0,1891.3,2286.15,56.0,-108.7,286.15,459,595
2015,blitz,chesscom,lichess,2100,2137.0,1943.125,2361.9,37.0,-156.875,261.9,459,595
2015,blitz,chesscom,lichess,2200,2218.0,1984.4,2373.8,18.0,-215.6,173.8,459,595
2015,blitz,lichess,chesscom,800,607.0,,,193.0,,,595,459
2015,blitz,lichess,chesscom,900,704.0,,,196.0,,,595,459
2015,blitz,lichess,chesscom,1000,804.0,617.6,1131.1,196.0,-131.1,382.4,595,459
2015,blitz,lichess,chesscom,1100,907.0,675.0,1183.0,193.0,-83.0,425.0,595,459
2015,blitz,lichess,chesscom,1200,1013.0,758.175,1255.025,187.0,-55.025,441.825,595,459
2015,blitz,lichess,chesscom,1300,1121.0,873.85,1351.575,179.0,-51.575,426.15,595,459
2015,blitz,lichess,chesscom,1400,1232.0,962.95,1461.05,168.0,-61.05,437.05,595,459
2015,blitz,lichess,chesscom,1500,1344.0,1068.95,1565.525,156.0,-65.525,431.05,595,459
2015,blitz,lichess,chesscom,1600,1459.0,1189.375,1665.05,141.0,-65.05,410.625,595,459
2015,blitz,lichess,chesscom,1700,1575.0,1327.6,1768.1,125.0,-68.1,372.4,595,459
2015,blitz,lichess,chesscom,1800,1693.0,1479.425,1870.575,107.0,-70.575,320.575,595,459
2015,blitz,lichess,chesscom,1900,1812.0,1606.275,2010.525,88.0,-110.525,293.725,595,459
2015,blitz,lichess,chesscom,2000,1933.0,1749.25,2147.35,67.0,-147.35,250.75,595,459
2015,blitz,lichess,chesscom,2100,2055.0,1855.8,2300.7,45.0,-200.7,244.2,595,459
2015,blitz,lichess,chesscom,2200,2178.0,1916.0,2342.0,22.0,-142.0,284.0,595,459
2016,blitz,chesscom,lichess,800,1221.0,940.325,1487.4,421.0,140.325,687.4,530,535
2016,blitz,chesscom,lichess,900,1279.0,1015.9,1493.55,379.0,115.9,593.55,530,535
2016,blitz,chesscom,lichess,1000,1339.0,1132.95,1530.05,339.0,132.95,530.05,530,535
2016,blitz,chesscom,lichess,1100,1402.0,1210.0,1588.0,302.0,110.0,488.0,530,535
2016,blitz,chesscom,lichess,1200,1466.0,1286.475,1643.25,266.0,86.475,443.25,530,535
2016,blitz,chesscom,lichess,1300,1534.0,1354.375,1709.725,234.0,54.375,409.725,530,535
2016,blitz,chesscom,lichess,1400,1605.0,1426.55,1778.575,205.0,26.55,378.575,530,535
2016,blitz,chesscom,lichess,1500,1678.0,1502.0,1866.3,178.0,2.0,366.3,530,535
2016,blitz,chesscom,lichess,1600,1755.0,1569.375,1940.05,155.0,-30.625,340.05,530,535
2016,blitz,chesscom,lichess,1700,1835.0,1650.025,2023.525,135.0,-49.975,323.525,530,535
2016,blitz,chesscom,lichess,1800,1920.0,1732.4,2124.8,120.0,-67.6,324.8,530,535
2016,blitz,chesscom,lichess,1900,2008.0,1822.65,2259.25,108.0,-77.35,359.25,530,535
2016,blitz,chesscom,lichess,2000,2102.0,1931.2,2346.8,102.0,-68.8,346.8,530,535
2016,blitz,chesscom,lichess,2100,2201.0,,,101.0,,,530,535
2016,blitz,chesscom,lichess,2200,2307.0,,,107.0,,,530,535
2016,blitz,lichess,chesscom,800,,,,,,,535,530
2016,blitz,lichess,chesscom,900,,,,,,,535,530
2016,blitz,lichess,chesscom,1000,,,,,,,535,530
2016,blitz,lichess,chesscom,1100,,,,,,,535,530
2016,blitz,lichess,chesscom,1200,765.0,,,435.0,,,535,530
2016,blitz,lichess,chesscom,1300,937.0,672.0,1209.65,363.0,90.35,628.0,535,530
2016,blitz,lichess,chesscom,1400,1099.0,828.625,1356.025,301.0,43.975,571.375,535,530
2016,blitz,lichess,chesscom,1500,1251.0,965.5,1510.125,249.0,-10.125,534.5,535,530
2016,blitz,lichess,chesscom,1600,1395.0,1151.125,1651.575,205.0,-51.575,448.875,535,530
2016,blitz,lichess,chesscom,1700,1530.0,1292.85,1762.1,170.0,-62.1,407.15,535,530
2016,blitz,lichess,chesscom,1800,1658.0,1427.45,1857.575,142.0,-57.575,372.55,535,530
2016,blitz,lichess,chesscom,1900,1778.0,1556.85,1945.575,122.0,-45.575,343.15,535,530
2016,blitz,lichess,chesscom,2000,1892.0,1664.375,2076.35,108.0,-76.35,335.625,535,530
2016,blitz,lichess,chesscom,2100,1999.0,1758.825,2206.175,101.0,-106.175,341.175,535,530
2016,blitz,lichess,chesscom,2200,2100.0,1798.9,2306.6,100.0,-106.6,401.1,535,530
2017,blitz,chesscom,lichess,800,852.0,,,52.0,,,515,599
2017,blitz,chesscom,lichess,900,929.0,806.525,1097.9,29.0,-93.475,197.9,515,599
2017,blitz,chesscom,lichess,1000,1010.0,843.8,1156.65,10.0,-156.2,156.65,515,599
2017,blitz,chesscom,lichess,1100,1097.0,940.0,1239.6,-3.0,-160.0,139.6,515,599
2017,blitz,chesscom,lichess,1200,1189.0,1052.425,1347.0,-11.0,-147.575,147.0,515,599
2017,blitz,chesscom,lichess,1300,1290.0,1160.95,1480.625,-10.0,-139.05,180.625,515,599
2017,blitz,chesscom,lichess,1400,1399.0,1255.95,1626.575,-1.0,-144.05,226.575,515,599
2017,blitz,chesscom,lichess,1500,1520.0,1335.475,1787.0,20.0,-164.525,287.0,515,599
2017,blitz,chesscom,lichess,1600,1657.0,1441.95,2031.4,57.0,-158.05,431.4,515,599
2017,blitz,chesscom,lichess,1700,1818.0,1552.1,2216.4,118.0,-147.9,516.4,515,599
2017,blitz,chesscom,lichess,1800,2021.0,1683.0,2269.35,221.0,-117.0,469.35,515,599
2017,blitz,chesscom,lichess,1900,2334.0,,,434.0,,,515,599
2017,blitz,chesscom,lichess,2000,,,,,,,515,599
2017,blitz,chesscom,lichess,2100,,,,,,,515,599
2017,blitz,chesscom,lichess,2200,,,,,,,515,599
2017,blitz,lichess,chesscom,800,730.0,,,70.0,,,599,515
2017,blitz,lichess,chesscom,900,864.0,650.325,1100.35,36.0,-200.35,249.675,599,515
2017,blitz,lichess,chesscom,1000,989.0,671.5,1173.5,11.0,-173.5,328.5,599,515
2017,blitz,lichess,chesscom,1100,1105.0,893.1,1260.575,-5.0,-160.575,206.9,599,515
2017,blitz,lichess,chesscom,1200,1212.0,1048.95,1365.2,-12.0,-165.2,151.05,599,515
2017,blitz,lichess,chesscom,1300,1311.0,1172.475,1478.525,-11.0,-178.525,127.525,599,515
2017,blitz,lichess,chesscom,1400,1402.0,1271.475,1580.575,-2.0,-180.575,128.525,599,515
2017,blitz,lichess,chesscom,1500,1485.0,1346.95,1675.575,15.0,-175.575,153.05,599,515
2017,blitz,lichess,chesscom,1600,1561.0,1407.175,1757.575,39.0,-157.575,192.825,599,515
2017,blitz,lichess,chesscom,1700,1629.0,1461.85,1832.525,71.0,-132.525,238.15,599,515
2017,blitz,lichess,chesscom,1800,1690.0,1517.425,1893.05,110.0,-93.05,282.575,599,515
2017,blitz,lichess,chesscom,1900,1744.0,1561.85,1943.525,156.0,-43.525,338.15,599,515
2017,blitz,lichess,chesscom,2000,1792.0,1613.075,1982.625,208.0,17.375,386.925,599,515
2017,blitz,lichess,chesscom,2100,1832.0,1640.45,2024.75,268.0,75.25,459.55,599,515
2017,blitz,lichess,chesscom,2200,1866.0,1662.9,2068.75,334.0,131.25,537.1,599,515
2018,blitz,chesscom,lichess,800,938.0,,,138.0,,,556,459
2018,blitz,chesscom,lichess,900,1032.0,815.9,1235.7,132.0,-84.1,335.7,556,459
2018,blitz,chesscom,lichess,1000,1128.0,877.7,1314.4,128.0,-122.3,314.4,556,459
2018,blitz,chesscom,lichess,1100,1227.0,923.0,1401.5,127.0,-177.0,301.5,556,459
2018,blitz,chesscom,lichess,1200,1329.0,1126.0,1530.65,129.0,-74.0,330.65,556,459
2018,blitz,chesscom,lichess,1300,1435.0,1237.325,1640.725,135.0,-62.675,340.725,556,459
2018,blitz,chesscom,lichess,1400,1546.0,1353.375,1793.775,146.0,-46.625,393.775,556,459
2018,blitz,chesscom,lichess,1500,1664.0,1449.025,1921.525,164.0,-50.975,421.525,556,459
2018,blitz,chesscom,lichess,1600,1792.0,1574.95,2059.375,192.0,-25.05,459.375,556,459
2018,blitz,chesscom,lichess,1700,1934.0,1690.95,2239.225,234.0,-9.05,539.225,556,459
2018,blitz,chesscom,lichess,1800,2101.0,,,301.0,,,556,459
2018,blitz,chesscom,lichess,1900,2321.0,,,421.0,,,556,459
2018,blitz,chesscom,lichess,2000,,,,,,,556,459
2018,blitz,chesscom,lichess,2100,,,,,,,556,459
2018,blitz,chesscom,lichess,2200,,,,,,,556,459
2018,blitz,lichess,chesscom,800,650.0,,,150.0,,,459,556
2018,blitz,lichess,chesscom,900,760.0,,,140.0,,,459,556
2018,blitz,lichess,chesscom,1000,867.0,626.25,1140.175,133.0,-140.175,373.75,459,556
2018,blitz,lichess,chesscom,1100,972.0,681.7,1191.3,128.0,-91.3,418.3,459,556
2018,blitz,lichess,chesscom,1200,1074.0,860.25,1278.45,126.0,-78.45,339.75,459,556
2018,blitz,lichess,chesscom,1300,1173.0,992.475,1338.575,127.0,-38.575,307.525,459,556
2018,blitz,lichess,chesscom,1400,1269.0,1119.375,1424.05,131.0,-24.05,280.625,459,556
2018,blitz,lichess,chesscom,1500,1360.0,1202.0,1529.0,140.0,-29.0,298.0,459,556
2018,blitz,lichess,chesscom,1600,1447.0,1270.275,1625.625,153.0,-25.625,329.725,459,556
2018,blitz,lichess,chesscom,1700,1530.0,1352.475,1704.05,170.0,-4.05,347.525,459,556
2018,blitz,lichess,chesscom,1800,1607.0,1423.95,1769.0,193.0,31.0,376.05,459,556
2018,blitz,lichess,chesscom,1900,1678.0,1508.375,1843.4,222.0,56.6,391.625,459,556
2018,blitz,lichess,chesscom,2000,1743.0,1567.475,1915.05,257.0,84.95,432.525,459,556
2018,blitz,lichess,chesscom,2100,1800.0,1576.375,2020.625,300.0,79.375,523.625,459,556
2018,blitz,lichess,chesscom,2200,1851.0,1581.125,2126.45,349.0,73.55,618.875,459,556
2019,blitz,chesscom,lichess,800,1035.0,732.45,1246.65,235.0,-67.55,446.65,526,515
2019,blitz,chesscom,lichess,900,1146.0,913.2,1343.1,246.0,13.2,443.1,526,515
2019,blitz,chesscom,lichess,1000,1255.0,1050.6,1449.1,255.0,50.6,449.1,526,515
2019,blitz,chesscom,lichess,1100,1360.0,1161.0,1568.725,260.0,61.0,468.725,526,515
2019,blitz,chesscom,lichess,1200,1461.0,1260.9,1700.275,261.0,60.9,500.275,526,515
2019,blitz,chesscom,lichess,1300,1558.0,1341.225,1830.2,258.0,41.225,530.2,526,515
2019,blitz,chesscom,lichess,1400,1649.0,1417.7,1895.3,249.0,17.7,495.3,526,515
2019,blitz,chesscom,lichess,1500,1735.0,1494.4,2000.225,235.0,-5.6,500.225,526,515
2019,blitz,chesscom,lichess,1600,1815.0,1558.8,2119.8,215.0,-41.2,519.8,526,515
2019,blitz,chesscom,lichess,1700,1887.0,1636.125,2167.725,187.0,-63.875,467.725,526,515
2019,blitz,chesscom,lichess,1800,1952.0,1697.8,2233.1,152.0,-102.2,433.1,526,515
2019,blitz,chesscom,lichess,1900,2008.0,1753.55,2269.225,108.0,-146.45,369.225,526,515
2019,blitz,chesscom,lichess,2000,2055.0,1795.0,2300.85,55.0,-205.0,300.85,526,515
2019,blitz,chesscom,lichess,2100,2091.0,1828.0,2322.8,-9.0,-272.0,222.8,526,515
2019,blitz,chesscom,lichess,2200,2117.0,1843.25,2314.675,-83.0,-356.75,114.675,526,515
2019,blitz,lichess,chesscom,800,,,,,,,515,526
2019,blitz,lichess,chesscom,900,684.0,,,216.0,,,515,526
2019,blitz,lichess,chesscom,1000,770.0,616.0,970.0,230.0,30.0,384.0,515,526
2019,blitz,lichess,chesscom,1100,859.0,665.4,1043.8,241.0,56.2,434.6,515,526
2019,blitz,lichess,chesscom,1200,950.0,764.6,1127.0,250.0,73.0,435.4,515,526
2019,blitz,lichess,chesscom,1300,1043.0,844.45,1254.55,257.0,45.45,455.55,515,526
2019,blitz,lichess,chesscom,1400,1140.0,931.125,1366.525,260.0,33.475,468.875,515,526
2019,blitz,lichess,chesscom,1500,1241.0,1044.475,1494.575,259.0,5.425,455.525,515,526
2019,blitz,lichess,chesscom,1600,1347.0,1126.225,1630.0,253.0,-30.0,473.775,515,526
2019,blitz,lichess,chesscom,1700,1459.0,1204.425,1784.2,241.0,-84.2,495.575,515,526
2019,blitz,lichess,chesscom,1800,1582.0,1274.65,1934.9,218.0,-134.9,525.35,515,526
2019,blitz,lichess,chesscom,1900,1720.0,1376.6,2092.8,180.0,-192.8,523.4,515,526
2019,blitz,lichess,chesscom,2000,1886.0,1462.7,2202.95,114.0,-202.95,537.3,515,526
2019,blitz,lichess,chesscom,2100,2132.0,,,-32.0,,,515,526
2019,blitz,lichess,chesscom,2200,,,,,,,515,526
2020,blitz,chesscom,lichess,800,1358.0,1125.95,1610.525,558.0,325.95,810.525,489,549
2020,blitz,chesscom,lichess,900,1411.0,1210.0,1619.0,511.0,310.0,719.0,489,549
2020,blitz,chesscom,lichess,1000,1465.0,1280.475,1660.0,465.0,280.475,660.0,489,549
2020,blitz,chesscom,lichess,1100,1521.0,1339.8,1710.575,421.0,239.8,610.575,489,549
2020,blitz,chesscom,lichess,1200,1577.0,1411.7,1761.425,377.0,211.7,561.425,489,549
2020,blitz,chesscom,lichess,1300,1634.0,1471.325,1806.975,334.0,171.325,506.975,489,549
2020,blitz,chesscom,lichess,1400,1692.0,1532.475,1863.3,292.0,132.475,463.3,489,549
2020,blitz,chesscom,lichess,1500,1751.0,1593.475,1920.825,251.0,93.475,420.825,489,549
2020,blitz,chesscom,lichess,1600,1811.0,1658.9,1968.15,211.0,58.9,368.15,489,549
2020,blitz,chesscom,lichess,1700,1872.0,1727.325,2012.575,172.0,27.325,312.575,489,549
2020,blitz,chesscom,lichess,1800,1934.0,1794.8,2061.725,134.0,-5.2,261.725,489,549
2020,blitz,chesscom,lichess,1900,1997.0,1869.95,2120.525,97.0,-30.05,220.525,489,549
2020,blitz,chesscom,lichess,2000,2061.0,1933.375,2187.525,61.0,-66.625,187.525,489,549
2020,blitz,chesscom,lichess,2100,2127.0,1996.125,2269.0,27.0,-103.875,169.0,489,549
2020,blitz,chesscom,lichess,2200,2194.0,2048.225,2359.775,-6.0,-151.775,159.775,489,549
2020,blitz,lichess,chesscom,800,,,,,,,549,489
2020,blitz,lichess,chesscom,900,,,,,,,549,489
2020,blitz,lichess,chesscom,1000,,,,,,,549,489
2020,blitz,lichess,chesscom,1100,,,,,,,549,489
2020,blitz,lichess,chesscom,1200,,,,,,,549,489
2020,blitz,lichess,chesscom,1300,691.0,,,609.0,,,549,489
2020,blitz,lichess,chesscom,1400,880.0,624.0,1198.65,520.0,201.35,776.0,549,489
2020,blitz,lichess,chesscom,1500,1064.0,695.25,1357.5,436.0,142.5,804.75,549,489
2020,blitz,lichess,chesscom,1600,1243.0,911.55,1527.9,357.0,72.1,688.45,549,489
2020,blitz,lichess,chesscom,1700,1416.0,1099.35,1677.0,284.0,23.0,600.65,549,489
2020,blitz,lichess,chesscom,1800,1584.0,1289.7,1825.525,216.0,-25.525,510.3,549,489
2020,blitz,lichess,chesscom,1900,1747.0,1474.475,1975.625,153.0,-75.625,425.525,549,489
2020,blitz,lichess,chesscom,2000,1906.0,1653.2,2142.4,94.0,-142.4,346.8,549,489
2020,blitz,lichess,chesscom,2100,2060.0,1849.0,2248.0,40.0,-148.0,251.0,549,489
2020,blitz,lichess,chesscom,2200,2211.0,1991.75,2338.0,-11.0,-138.0,208.25,549,489
2021,blitz,chesscom,lichess,800,1097.0,,,297.0,,,474,484
2021,blitz,chesscom,lichess,900,1229.0,776.1,1677.35,329.0,-123.9,777.35,474,484
2021,blitz,chesscom,lichess,1000,1353.0,931.75,1723.1,353.0,-68.25,723.1,474,484
2021,blitz,chesscom,lichess,1100,1470.0,1085.225,1763.475,370.0,-14.775,663.475,474,484
2021,blitz,chesscom,lichess,1200,1582.0,1215.625,1840.5,382.0,15.625,640.5,474,484
2021,blitz,chesscom,lichess,1300,1690.0,1356.475,1926.45,390.0,56.475,626.45,474,484
2021,blitz,chesscom,lichess,1400,1794.0,1468.45,2010.65,394.0,68.45,610.65,474,484
2021,blitz,chesscom,lichess,1500,1894.0,1575.1,2115.0,394.0,75.1,615.0,474,484
2021,blitz,chesscom,lichess,1600,1992.0,1694.35,2212.9,392.0,94.35,612.9,474,484
2021,blitz,chesscom,lichess,1700,2088.0,1826.7,2308.45,388.0,126.7,608.45,474,484
2021,blitz,chesscom,lichess,1800,2181.0,1957.425,2352.3,381.0,157.425,552.3,474,484
2021,blitz,chesscom,lichess,1900,2272.0,2065.15,2385.35,372.0,165.15,485.35,474,484
2021,blitz,chesscom,lichess,2000,2361.0,,,361.0,,,474,484
2021,blitz,chesscom,lichess,2100,,,,,,,474,484
2021,blitz,chesscom,lichess,2200,,,,,,,474,484
2021,blitz,lichess,chesscom,800,,,,,,,484,474
2021,blitz,lichess,chesscom,900,665.0,,,235.0,,,484,474
2021,blitz,lichess,chesscom,1000,732.0,,,268.0,,,484,474
2021,blitz,lichess,chesscom,1100,803.0,,,297.0,,,484,474
2021,blitz,lichess,chesscom,1200,878.0,654.75,1214.375,322.0,-14.375,545.25,484,474
2021,blitz,lichess,chesscom,1300,958.0,696.75,1281.9,342.0,18.1,603.25,484,474
2021,blitz,lichess,chesscom,1400,1041.0,767.75,1363.0,359.0,37.0,632.25,484,474
2021,blitz,lichess,chesscom,1500,1127.0,842.0,1444.0,373.0,56.0,658.0,484,474
2021,blitz,lichess,chesscom,1600,1217.0,948.9,1532.4,383.0,67.6,651.1,484,474
2021,blitz,lichess,chesscom,1700,1311.0,1030.25,1601.025,389.0,98.975,669.75,484,474
2021,blitz,lichess,chesscom,1800,1407.0,1142.7,1662.3,393.0,137.7,657.3,484,474
2021,blitz,lichess,chesscom,1900,1507.0,1256.35,1737.95,393.0,162.05,643.65,484,474
2021,blitz,lichess,chesscom,2000,1609.0,1353.8,1818.55,391.0,181.45,646.2,484,474
2021,blitz,lichess,chesscom,2100,1714.0,1441.75,1932.875,386.0,167.125,658.25,484,474
2021,blitz,lichess,chesscom,2200,1822.0,1557.425,2069.625,378.0,130.375,642.575,484,474
2022,blitz,chesscom,lichess,800,1219.0,788.6,1801.8,419.0,-11.4,1001.8,558,552
2022,blitz,chesscom,lichess,900,1288.0,858.6,1818.0,388.0,-41.4,918.0,558,552
2022,blitz,chesscom,lichess,1000,1361.0,992.825,1840.075,361.0,-7.175,840.075,558,552
2022,blitz,chesscom,lichess,1100,1438.0,1059.675,1891.325,338.0,-40.325,791.325,558,552
2022,blitz,chesscom,lichess,1200,1519.0,1113.25,1986.0,319.0,-86.75,786.0,558,552
2022,blitz,chesscom,lichess,1300,1603.0,1203.6,2048.0,303.0,-96.4,748.0,558,552
2022,blitz,chesscom,lichess,1400,1690.0,1298.5,2165.625,290.0,-101.5,765.625,558,552
2022,blitz,chesscom,lichess,1500,1780.0,1350.85,2219.125,280.0,-149.15,719.125,558,552
2022,blitz,chesscom,lichess,1600,1872.0,1448.2,2259.4,272.0,-151.8,659.4,558,552
2022,blitz,chesscom,lichess,1700,1967.0,1541.025,2322.15,267.0,-158.975,622.15,558,552
2022,blitz,chesscom,lichess,1800,2064.0,1633.675,2355.475,264.0,-166.325,555.475,558,552
2022,blitz,chesscom,lichess,1900,2163.0,,,263.0,,,558,552
2022,blitz,chesscom,lichess,2000,2263.0,,,263.0,,,558,552
2022,blitz,chesscom,lichess,2100,2366.0,,,266.0,,,558,552
2022,blitz,chesscom,lichess,2200,,,,,,,558,552
2022,blitz,lichess,chesscom,800,,,,,,,552,558
2022,blitz,lichess,chesscom,900,,,,,,,552,558
2022,blitz,lichess,chesscom,1000,,,,,,,552,558
2022,blitz,lichess,chesscom,1100,611.0,,,489.0,,,552,558
2022,blitz,lichess,chesscom,1200,773.0,,,427.0,,,552,558
2022,blitz,lichess,chesscom,1300,919.0,,,381.0,,,552,558
2022,blitz,lichess,chesscom,1400,1052.0,,,348.0,,,552,558
2022,blitz,lichess,chesscom,1500,1178.0,,,322.0,,,552,558
2022,blitz,lichess,chesscom,1600,1298.0,795.75,1772.5,302.0,-172.5,804.25,552,558
2022,blitz,lichess,chesscom,1700,1412.0,886.375,1841.8,288.0,-141.8,813.625,552,558
2022,blitz,lichess,chesscom,1800,1523.0,1046.925,1953.475,277.0,-153.475,753.075,552,558
2022,blitz,lichess,chesscom,1900,1631.0,1156.2,2042.6,269.0,-142.6,743.8,552,558
2022,blitz,lichess,chesscom,2000,1735.0,1245.0,2157.4,265.0,-157.4,755.0,552,558
2022,blitz,lichess,chesscom,2100,1838.0,1324.825,2228.85,262.0,-128.85,775.175,552,558
2022,blitz,lichess,chesscom,2200,1938.0,1400.0,2263.5,262.0,-63.5,800.0,552,558
2023,blitz,chesscom,lichess,800,1515.0,1163.35,1884.35,715.0,363.35,1084.35,498,575
2023,blitz,chesscom,lichess,900,1521.0,1205.3,1854.25,621.0,305.3,954.25,498,575
2023,blitz,chesscom,lichess,1000,1537.0,1238.15,1838.3,537.0,238.15,838.3,498,575
2023,blitz,chesscom,lichess,1100,1563.0,1272.475,1875.45,463.0,172.475,775.45,498,575
2023,blitz,chesscom,lichess,1200,1600.0,1346.85,1922.625,400.0,146.85,722.625,498,575
2023,blitz,chesscom,lichess,1300,1648.0,1388.7,1993.25,348.0,88.7,693.25,498,575
2023,blitz,chesscom,lichess,1400,1708.0,1441.225,2060.1,308.0,41.225,660.1,498,575
2023,blitz,chesscom,lichess,1500,1781.0,1507.45,2145.75,281.0,7.45,645.75,498,575
2023,blitz,chesscom,lichess,1600,1869.0,1572.25,2236.75,269.0,-27.75,636.75,498,575
2023,blitz,chesscom,lichess,1700,1974.0,1672.6,2277.4,274.0,-27.4,577.4,498,575
2023,blitz,chesscom,lichess,1800,2101.0,1774.6,2354.7,301.0,-25.4,554.7,498,575
2023,blitz,chesscom,lichess,1900,2255.0,,,355.0,,,498,575
2023,blitz,chesscom,lichess,2000,,,,,,,498,575
2023,blitz,chesscom,lichess,2100,,,,,,,498,575
2023,blitz,chesscom,lichess,2200,,,,,,,498,575
2023,blitz,lichess,chesscom,800,,,,,,,575,498
2023,blitz,lichess,chesscom,900,,,,,,,575,498
2023,blitz,lichess,chesscom,1000,,,,,,,575,498
2023,blitz,lichess,chesscom,1100,,,,,,,575,498
2023,blitz,lichess,chesscom,1200,,,,,,,575,498
2023,blitz,lichess,chesscom,1300,,,,,,,575,498
2023,blitz,lichess,chesscom,1400,,,,,,,575,498
2023,blitz,lichess,chesscom,1500,,,,,,,575,498
2023,blitz,lichess,chesscom,1600,1202.0,,,398.0,,,575,498
2023,blitz,lichess,chesscom,1700,1390.0,,,310.0,,,575,498
2023,blitz,lichess,chesscom,1800,1525.0,1033.6,1799.2,275.0,0.8,766.4,575,498
2023,blitz,lichess,chesscom,1900,1633.0,1191.75,1868.5,267.0,31.5,708.25,575,498
2023,blitz,lichess,chesscom,2000,1723.0,1283.375,1946.875,277.0,53.125,716.625,575,498
2023,blitz,lichess,chesscom,2100,1800.0,1371.4,2004.0,300.0,96.0,728.6,575,498
2023,blitz,lichess,chesscom,2200,1867.0,1476.75,2072.675,333.0,127.325,723.25,575,498
2024,blitz,chesscom,lichess,800,1062.0,787.875,1324.5,262.0,-12.125,524.5,478,537
2024,blitz,chesscom,lichess,900,1097.0,846.4,1337.2,197.0,-53.6,437.2,478,537
2024,blitz,chesscom,lichess,1000,1134.0,902.2,1360.4,134.0,-97.8,360.4,478,537
2024,blitz,chesscom,lichess,1100,1174.0,942.975,1398.75,74.0,-157.025,298.75,478,537
2024,blitz,chesscom,lichess,1200,1217.0,980.35,1446.55,17.0,-219.65,246.55,478,537
2024,blitz,chesscom,lichess,1300,1264.0,1017.275,1499.625,-36.0,-282.725,199.625,478,537
2024,blitz,chesscom,lichess,1400,1315.0,1057.75,1565.15,-85.0,-342.25,165.15,478,537
2024,blitz,chesscom,lichess,1500,1371.0,1138.55,1645.525,-129.0,-361.45,145.525,478,537
2024,blitz,chesscom,lichess,1600,1433.0,1188.175,1724.2,-167.0,-411.825,124.2,478,537
2024,blitz,chesscom,lichess,1700,1501.0,1241.275,1823.2,-199.0,-458.725,123.2,478,537
2024,blitz,chesscom,lichess,1800,1577.0,1312.975,1939.15,-223.0,-487.025,139.15,478,537
2024,blitz,chesscom,lichess,1900,1664.0,1362.375,2048.125,-236.0,-537.625,148.125,478,537
2024,blitz,chesscom,lichess,2000,1766.0,1423.0,2153.0,-234.0,-577.0,153.0,478,537
2024,blitz,chesscom,lichess,2100,1891.0,1482.75,2273.1,-209.0,-617.25,173.1,478,537
2024,blitz,chesscom,lichess,2200,2061.0,,,-139.0,,,478,537
2024,blitz,lichess,chesscom,800,,,,,,,537,478
2024,blitz,lichess,chesscom,900,,,,,,,537,478
2024,blitz,lichess,chesscom,1000,,,,,,,537,478
2024,blitz,lichess,chesscom,1100,912.0,,,188.0,,,537,478
2024,blitz,lichess,chesscom,1200,1164.0,761.45,1665.7,36.0,-465.7,438.55,537,478
2024,blitz,lichess,chesscom,1300,1373.0,897.525,1819.6,-73.0,-519.6,402.475,537,478
2024,blitz,lichess,chesscom,1400,1549.0,1113.375,1939.25,-149.0,-539.25,286.625,537,478
2024,blitz,lichess,chesscom,1500,1700.0,1301.825,2055.45,-200.0,-555.45,198.175,537,478
2024,blitz,lichess,chesscom,1600,1829.0,1431.7,2192.875,-229.0,-592.875,168.3,537,478
2024,blitz,lichess,chesscom,1700,1938.0,1536.6,2288.2,-238.0,-588.2,163.4,537,478
2024,blitz,lichess,chesscom,1800,2031.0,1645.25,2335.7,-231.0,-535.7,154.75,537,478
2024,blitz,lichess,chesscom,1900,2107.0,1725.0,2356.4,-207.0,-456.4,175.0,537,478
2024,blitz,lichess,chesscom,2000,2170.0,1752.05,2359.0,-170.0,-359.0,247.95,537,478
2024,blitz,lichess,chesscom,2100,2218.0,,,-118.0,,,537,478
2024,blitz,lichess,chesscom,2200,2254.0,,,-54.0,,,537,478
2025,blitz,chesscom,lichess,800,1221.0,994.35,1504.75,421.0,194.35,704.75,562,414
2025,blitz,chesscom,lichess,900,1282.0,1051.275,1551.1,382.0,151.275,651.1,562,414
2025,blitz,chesscom,lichess,1000,1343.0,1078.325,1602.1,343.0,78.325,602.1,562,414
2025,blitz,chesscom,lichess,1100,1407.0,1133.65,1666.025,307.0,33.65,566.025,562,414
2025,blitz,chesscom,lichess,1200,1472.0,1204.275,1743.05,272.0,4.275,543.05,562,414
2025,blitz,chesscom,lichess,1300,1540.0,1259.9,1825.2,240.0,-40.1,525.2,562,414
2025,blitz,chesscom,lichess,1400,1609.0,1305.375,1909.675,209.0,-94.625,509.675,562,414
2025,blitz,chesscom,lichess,1500,1682.0,1359.125,1984.2,182.0,-140.875,484.2,562,414
2025,blitz,chesscom,lichess,1600,1757.0,1441.3,2047.7,157.0,-158.7,447.7,562,414
2025,blitz,chesscom,lichess,1700,1837.0,1527.425,2116.625,137.0,-172.575,416.625,562,414
2025,blitz,chesscom,lichess,1800,1921.0,1591.375,2197.375,121.0,-208.625,397.375,562,414
2025,blitz,chesscom,lichess,1900,2010.0,1682.575,2258.725,110.0,-217.425,358.725,562,414
2025,blitz,chesscom,lichess,2000,2107.0,1800.0,2330.5,107.0,-200.0,330.5,562,414
2025,blitz,chesscom,lichess,2100,2213.0,,,113.0,,,562,414
2025,blitz,chesscom,lichess,2200,2333.0,,,133.0,,,562,414
2025,blitz,lichess,chesscom,800,,,,,,,414,562
2025,blitz,lichess,chesscom,900,,,,,,,414,562
2025,blitz,lichess,chesscom,1000,,,,,,,414,562
2025,blitz,lichess,chesscom,1100,,,,,,,414,562
2025,blitz,lichess,chesscom,1200,766.0,,,434.0,,,414,562
2025,blitz,lichess,chesscom,1300,931.0,645.85,1460.5,369.0,-160.5,654.15,414,562
2025,blitz,lichess,chesscom,1400,1090.0,708.95,1590.05,310.0,-190.05,691.05,414,562
2025,blitz,lichess,chesscom,1500,1243.0,849.375,1705.125,257.0,-205.125,650.625,414,562
2025,blitz,lichess,chesscom,1600,1388.0,961.2,1793.0,212.0,-193.0,638.8,414,562
2025,blitz,lichess,chesscom,1700,1526.0,1096.425,1887.75,174.0,-187.75,603.575,414,562
2025,blitz,lichess,chesscom,1800,1656.0,1258.95,1996.25,144.0,-196.25,541.05,414,562
2025,blitz,lichess,chesscom,1900,1777.0,1399.35,2122.3,123.0,-222.3,500.65,414,562
2025,blitz,lichess,chesscom,2000,1890.0,1529.3,2159.1,110.0,-159.1,470.7,414,562
2025,blitz,lichess,chesscom,2100,1995.0,1593.75,2238.075,105.0,-138.075,506.25,414,562
2025,blitz,lichess,chesscom,2200,2089.0,1657.4,2308.575,111.0,-108.575,542.6,414,562
2026,blitz,chesscom,lichess,800,1066.0,766.5,1410.875,266.0,-33.5,610.875,398,569
2026,blitz,chesscom,lichess,900,1098.0,831.4,1385.2,198.0,-68.6,485.2,398,569
2026,blitz,chesscom,lichess,1000,1134.0,907.0,1418.8,134.0,-93.0,418.8,398,569
2026,blitz,chesscom,lichess,1100,1174.0,961.7,1485.325,74.0,-138.3,385.325,398,569
2026,blitz,chesscom,lichess,1200,1218.0,999.0,1569.5,18.0,-201.0,369.5,398,569
2026,blitz,chesscom,lichess,1300,1268.0,1035.7,1678.5,-32.0,-264.3,378.5,398,569
2026,blitz,chesscom,lichess,1400,1324.0,1072.2,1773.725,-76.0,-327.8,373.725,398,569
2026,blitz,chesscom,lichess,1500,1388.0,1122.25,1893.5,-112.0,-377.75,393.5,398,569
2026,blitz,chesscom,lichess,1600,1462.0,1149.8,2087.5,-138.0,-450.2,487.5,398,569
2026,blitz,chesscom,lichess,1700,1551.0,1194.75,2042.95,-149.0,-505.25,342.95,398,569
2026,blitz,chesscom,lichess,1800,1664.0,,,-136.0,,,398,569
2026,blitz,chesscom,lichess,1900,1833.0,,,-67.0,,,398,569
2026,blitz,chesscom,lichess,2000,,,,,,,398,569
2026,blitz,chesscom,lichess,2100,,,,,,,398,569
2026,blitz,chesscom,lichess,2200,,,,,,,398,569
2026,blitz,lichess,chesscom,800,,,,,,,569,398
2026,blitz,lichess,chesscom,900,,,,,,,569,398
2026,blitz,lichess,chesscom,1000,,,,,,,569,398
2026,blitz,lichess,chesscom,1100,907.0,,,193.0,,,569,398
2026,blitz,lichess,chesscom,1200,1162.0,676.1,1646.8,38.0,-446.8,523.9,569,398
2026,blitz,lichess,chesscom,1300,1360.0,934.45,1805.4,-60.0,-505.4,365.55,569,398
2026,blitz,lichess,chesscom,1400,1519.0,971.2,1956.7,-119.0,-556.7,428.8,569,398
2026,blitz,lichess,chesscom,1500,1647.0,1169.0,2057.25,-147.0,-557.25,331.0,569,398
2026,blitz,lichess,chesscom,1600,1748.0,1269.65,2158.3,-148.0,-558.3,330.35,569,398
2026,blitz,lichess,chesscom,1700,1827.0,1362.3,2247.4,-127.0,-547.4,337.7,569,398
2026,blitz,lichess,chesscom,1800,1885.0,1407.375,2258.975,-85.0,-458.975,392.625,569,398
2026,blitz,lichess,chesscom,1900,1925.0,1461.6,2277.775,-25.0,-377.775,438.4,569,398
2026,blitz,lichess,chesscom,2000,1946.0,1469.0,2318.15,54.0,-318.15,531.0,569,398
2026,blitz,lichess,chesscom,2100,1950.0,1447.425,2313.9,150.0,-213.9,652.575,569,398
2026,blitz,lichess,chesscom,2200,1936.0,1379.5,2309.4,264.0,-109.4,820.5,569,398
2018,rapid,chesscom,lichess,800,1780.0,1204.975,2199.025,980.0,404.975,1399.025,466,450
2018,rapid,chesscom,lichess,900,1849.0,1340.875,2219.65,949.0,440.875,1319.65,466,450
2018,rapid,chesscom,lichess,1000,1916.0,1366.0,2272.0,916.0,366.0,1272.0,466,450
2018,rapid,chesscom,lichess,1100,1983.0,1539.575,2291.575,883.0,439.575,1191.575,466,450
2018,rapid,chesscom,lichess,1200,2049.0,1687.1,2318.6,849.0,487.1,1118.6,466,450
2018,rapid,chesscom,lichess,1300,2114.0,1765.9,2358.4,814.0,465.9,1058.4,466,450
2018,rapid,chesscom,lichess,1400,2178.0,1865.475,2378.175,778.0,465.475,978.175,466,450
2018,rapid,chesscom,lichess,1500,2242.0,1944.0,2378.0,742.0,444.0,878.0,466,450
2018,rapid,chesscom,lichess,1600,2306.0,,,706.0,,,466,450
2018,rapid,chesscom,lichess,1700,2369.0,,,669.0,,,466,450
2018,rapid,chesscom,lichess,1800,,,,,,,466,450
2018,rapid,chesscom,lichess,1900,,,,,,,466,450
2018,rapid,chesscom,lichess,2000,,,,,,,466,450
2018,rapid,chesscom,lichess,2100,,,,,,,466,450
2018,rapid,chesscom,lichess,2200,,,,,,,466,450
2018,rapid,lichess,chesscom,800,,,,,,,450,466
2018,rapid,lichess,chesscom,900,,,,,,,450,466
2018,rapid,lichess,chesscom,1000,,,,,,,450,466
2018,rapid,lichess,chesscom,1100,,,,,,,450,466
2018,rapid,lichess,chesscom,1200,,,,,,,450,466
2018,rapid,lichess,chesscom,1300,,,,,,,450,466
2018,rapid,lichess,chesscom,1400,,,,,,,450,466
2018,rapid,lichess,chesscom,1500,,,,,,,450,466
2018,rapid,lichess,chesscom,1600,,,,,,,450,466
2018,rapid,lichess,chesscom,1700,689.0,,,1011.0,,,450,466
2018,rapid,lichess,chesscom,1800,831.0,,,969.0,,,450,466
2018,rapid,lichess,chesscom,1900,977.0,,,923.0,,,450,466
2018,rapid,lichess,chesscom,2000,1127.0,671.625,1654.75,873.0,345.25,1328.375,450,466
2018,rapid,lichess,chesscom,2100,1280.0,771.475,1741.025,820.0,358.975,1328.525,450,466
2018,rapid,lichess,chesscom,2200,1435.0,843.45,1870.45,765.0,329.55,1356.55,450,466
2019,rapid,chesscom,lichess,800,1358.0,1021.85,1763.025,558.0,221.85,963.025,409,508
2019,rapid,chesscom,lichess,900,1398.0,1110.025,1748.625,498.0,210.025,848.625,409,508
2019,rapid,chesscom,lichess,1000,1443.0,1184.325,1780.525,443.0,184.325,780.525,409,508
2019,rapid,chesscom,lichess,1100,1494.0,1246.9,1785.1,394.0,146.9,685.1,409,508
2019,rapid,chesscom,lichess,1200,1551.0,1314.9,1804.825,351.0,114.9,604.825,409,508
2019,rapid,chesscom,lichess,1300,1614.0,1374.175,1869.575,314.0,74.175,569.575,409,508
2019,rapid,chesscom,lichess,1400,1682.0,1446.55,1945.1,282.0,46.55,545.1,409,508
2019,rapid,chesscom,lichess,1500,1756.0,1525.7,1999.05,256.0,25.7,499.05,409,508
2019,rapid,chesscom,lichess,1600,1835.0,1605.375,2082.625,235.0,5.375,482.625,409,508
2019,rapid,chesscom,lichess,1700,1920.0,1690.625,2143.875,220.0,-9.375,443.875,409,508
2019,rapid,chesscom,lichess,1800,2010.0,1786.25,2239.675,210.0,-13.75,439.675,409,508
2019,rapid,chesscom,lichess,1900,2105.0,1881.75,2305.075,205.0,-18.25,405.075,409,508
2019,rapid,chesscom,lichess,2000,2205.0,,,205.0,,,409,508
2019,rapid,chesscom,lichess,2100,2310.0,,,210.0,,,409,508
2019,rapid,chesscom,lichess,2200,,,,,,,409,508
2019,rapid,lichess,chesscom,800,,,,,,,508,409
2019,rapid,lichess,chesscom,900,,,,,,,508,409
2019,rapid,lichess,chesscom,1000,,,,,,,508,409
2019,rapid,lichess,chesscom,1100,,,,,,,508,409
2019,rapid,lichess,chesscom,1200,,,,,,,508,409
2019,rapid,lichess,chesscom,1300,,,,,,,508,409
2019,rapid,lichess,chesscom,1400,907.0,,,493.0,,,508,409
2019,rapid,lichess,chesscom,1500,1112.0,,,388.0,,,508,409
2019,rapid,lichess,chesscom,1600,1280.0,903.225,1655.25,320.0,-55.25,696.775,508,409
2019,rapid,lichess,chesscom,1700,1426.0,1043.825,1763.325,274.0,-63.325,656.175,508,409
2019,rapid,lichess,chesscom,1800,1557.0,1199.0,1858.0,243.0,-58.0,601.0,508,409
2019,rapid,lichess,chesscom,1900,1678.0,1374.6,1953.35,222.0,-53.35,525.4,508,409
2019,rapid,lichess,chesscom,2000,1790.0,1495.7,2054.275,210.0,-54.275,504.3,508,409
2019,rapid,lichess,chesscom,2100,1896.0,1622.9,2169.55,204.0,-69.55,477.1,508,409
2019,rapid,lichess,chesscom,2200,1996.0,1716.9,2245.6,204.0,-45.6,483.1,508,409
2020,rapid,chesscom,lichess,800,,,,,,,466,566
2020,rapid,chesscom,lichess,900,,,,,,,466,566
2020,rapid,chesscom,lichess,1000,679.0,,,-321.0,,,466,566
2020,rapid,chesscom,lichess,1100,834.0,,,-266.0,,,466,566
2020,rapid,chesscom,lichess,1200,986.0,757.125,1207.825,-214.0,-442.875,7.825,466,566
2020,rapid,chesscom,lichess,1300,1135.0,889.45,1369.0,-165.0,-410.55,69.0,466,566
2020,rapid,chesscom,lichess,1400,1281.0,1030.8,1520.1,-119.0,-369.2,120.1,466,566
2020,rapid,chesscom,lichess,1500,1422.0,1163.775,1672.725,-78.0,-336.225,172.725,466,566
2020,rapid,chesscom,lichess,1600,1559.0,1305.325,1795.525,-41.0,-294.675,195.525,466,566
2020,rapid,chesscom,lichess,1700,1691.0,1432.95,1906.15,-9.0,-267.05,206.15,466,566
2020,rapid,chesscom,lichess,1800,1817.0,1554.95,2016.3,17.0,-245.05,216.3,466,566
2020,rapid,chesscom,lichess,1900,1937.0,1673.275,2132.525,37.0,-226.725,232.525,466,566
2020,rapid,chesscom,lichess,2000,2049.0,1788.9,2262.775,49.0,-211.1,262.775,466,566
2020,rapid,chesscom,lichess,2100,2153.0,1897.4,2331.35,53.0,-202.6,231.35,466,566
2020,rapid,chesscom,lichess,2200,2247.0,,,47.0,,,466,566
2020,rapid,lichess,chesscom,800,1079.0,870.0,1265.25,-279.0,-465.25,-70.0,566,466
2020,rapid,lichess,chesscom,900,1144.0,969.9,1321.0,-244.0,-421.0,-69.9,566,466
2020,rapid,lichess,chesscom,1000,1210.0,1061.425,1384.0,-210.0,-384.0,-61.425,566,466
2020,rapid,lichess,chesscom,1100,1277.0,1143.9,1446.525,-177.0,-346.525,-43.9,566,466
2020,rapid,lichess,chesscom,1200,1345.0,1213.425,1507.525,-145.0,-307.525,-13.425,566,466
2020,rapid,lichess,chesscom,1300,1414.0,1271.375,1575.625,-114.0,-275.625,28.625,566,466
2020,rapid,lichess,chesscom,1400,1485.0,1331.475,1652.15,-85.0,-252.15,68.525,566,466
2020,rapid,lichess,chesscom,1500,1557.0,1393.475,1731.525,-57.0,-231.525,106.525,566,466
2020,rapid,lichess,chesscom,1600,1631.0,1469.95,1808.725,-31.0,-208.725,130.05,566,466
2020,rapid,lichess,chesscom,1700,1708.0,1544.85,1896.775,-8.0,-196.775,155.15,566,466
2020,rapid,lichess,chesscom,1800,1787.0,1629.9,1986.525,13.0,-186.525,170.1,566,466
2020,rapid,lichess,chesscom,1900,1870.0,1716.9,2076.575,30.0,-176.575,183.1,566,466
2020,rapid,lichess,chesscom,2000,1957.0,1795.375,2151.45,43.0,-151.45,204.625,566,466
2020,rapid,lichess,chesscom,2100,2049.0,1858.1,2299.4,51.0,-199.4,241.9,566,466
2020,rapid,lichess,chesscom,2200,2150.0,1920.3,2338.4,50.0,-138.4,279.7,566,466
2021,rapid,chesscom,lichess,800,939.0,692.95,1255.3,139.0,-107.05,455.3,473,466
2021,rapid,chesscom,lichess,900,1024.0,778.5,1306.75,124.0,-121.5,406.75,473,466
2021,rapid,chesscom,lichess,1000,1112.0,845.125,1370.4,112.0,-154.875,370.4,473,466
2021,rapid,chesscom,lichess,1100,1202.0,979.25,1443.55,102.0,-120.75,343.55,473,466
2021,rapid,chesscom,lichess,1200,1294.0,1096.425,1535.0,94.0,-103.575,335.0,473,466
2021,rapid,chesscom,lichess,1300,1389.0,1169.95,1649.8,89.0,-130.05,349.8,473,466
2021,rapid,chesscom,lichess,1400,1488.0,1252.625,1762.575,88.0,-147.375,362.575,473,466
2021,rapid,chesscom,lichess,1500,1591.0,1340.125,1869.525,91.0,-159.875,369.525,473,466
2021,rapid,chesscom,lichess,1600,1698.0,1426.025,1987.725,98.0,-173.975,387.725,473,466
2021,rapid,chesscom,lichess,1700,1813.0,1532.8,2110.6,113.0,-167.2,410.6,473,466
2021,rapid,chesscom,lichess,1800,1935.0,1653.225,2208.625,135.0,-146.775,408.625,473,466
2021,rapid,chesscom,lichess,1900,2068.0,1759.75,2318.225,168.0,-140.25,418.225,473,466
2021,rapid,chesscom,lichess,2000,2218.0,,,218.0,,,473,466
2021,rapid,chesscom,lichess,2100,2395.0,,,295.0,,,473,466
2021,rapid,chesscom,lichess,2200,,,,,,,473,466
2021,rapid,lichess,chesscom,800,635.0,,,165.0,,,466,473
2021,rapid,lichess,chesscom,900,755.0,,,145.0,,,466,473
2021,rapid,lichess,chesscom,1000,873.0,639.75,1134.75,127.0,-134.75,360.25,466,473
2021,rapid,lichess,chesscom,1100,988.0,727.6,1252.4,112.0,-152.4,372.4,466,473
2021,rapid,lichess,chesscom,1200,1099.0,799.925,1342.0,101.0,-142.0,400.075,466,473
2021,rapid,lichess,chesscom,1300,1208.0,953.8,1453.2,92.0,-153.2,346.2,466,473
2021,rapid,lichess,chesscom,1400,1312.0,1075.125,1575.3,88.0,-175.3,324.875,466,473
2021,rapid,lichess,chesscom,1500,1413.0,1180.075,1700.525,87.0,-200.525,319.925,466,473
2021,rapid,lichess,chesscom,1600,1510.0,1262.9,1799.525,90.0,-199.525,337.1,466,473
2021,rapid,lichess,chesscom,1700,1602.0,1340.875,1889.675,98.0,-189.675,359.125,466,473
2021,rapid,lichess,chesscom,1800,1690.0,1421.725,1962.1,110.0,-162.1,378.275,466,473
2021,rapid,lichess,chesscom,1900,1773.0,1515.275,2024.1,127.0,-124.1,384.725,466,473
2021,rapid,lichess,chesscom,2000,1851.0,1610.7,2088.9,149.0,-88.9,389.3,466,473
2021,rapid,lichess,chesscom,2100,1923.0,1688.85,2163.0,177.0,-63.0,411.15,466,473
2021,rapid,lichess,chesscom,2200,1989.0,1752.65,2210.25,211.0,-10.25,447.35,466,473
2022,rapid,chesscom,lichess,800,1188.0,912.475,1419.2,388.0,112.475,619.2,496,546
2022,rapid,chesscom,lichess,900,1274.0,1044.95,1489.1,374.0,144.95,589.1,496,546
2022,rapid,chesscom,lichess,1000,1359.0,1163.65,1528.525,359.0,163.65,528.525,496,546
2022,rapid,chesscom,lichess,1100,1441.0,1267.475,1592.1,341.0,167.475,492.1,496,546
2022,rapid,chesscom,lichess,1200,1521.0,1351.95,1669.0,321.0,151.95,469.0,496,546
2022,rapid,chesscom,lichess,1300,1599.0,1429.0,1747.875,299.0,129.0,447.875,496,546
2022,rapid,chesscom,lichess,1400,1676.0,1499.325,1828.575,276.0,99.325,428.575,496,546
2022,rapid,chesscom,lichess,1500,1750.0,1576.8,1901.725,250.0,76.8,401.725,496,546
2022,rapid,chesscom,lichess,1600,1823.0,1660.075,1968.3,223.0,60.075,368.3,496,546
2022,rapid,chesscom,lichess,1700,1894.0,1757.95,2022.0,194.0,57.95,322.0,496,546
2022,rapid,chesscom,lichess,1800,1964.0,1836.95,2088.575,164.0,36.95,288.575,496,546
2022,rapid,chesscom,lichess,1900,2032.0,1910.325,2149.525,132.0,10.325,249.525,496,546
2022,rapid,chesscom,lichess,2000,2098.0,1967.425,2233.575,98.0,-32.575,233.575,496,546
2022,rapid,chesscom,lichess,2100,2163.0,2028.75,2309.75,63.0,-71.25,209.75,496,546
2022,rapid,chesscom,lichess,2200,2227.0,2061.0,2377.0,27.0,-139.0,177.0,496,546
2022,rapid,lichess,chesscom,800,,,,,,,546,496
2022,rapid,lichess,chesscom,900,,,,,,,546,496
2022,rapid,lichess,chesscom,1000,,,,,,,546,496
2022,rapid,lichess,chesscom,1100,703.0,,,397.0,,,546,496
2022,rapid,lichess,chesscom,1200,815.0,637.0,1042.025,385.0,157.975,563.0,546,496
2022,rapid,lichess,chesscom,1300,931.0,660.8,1131.25,369.0,168.75,639.2,546,496
2022,rapid,lichess,chesscom,1400,1051.0,798.7,1247.0,349.0,153.0,601.3,546,496
2022,rapid,lichess,chesscom,1500,1175.0,935.0,1384.3,325.0,115.7,565.0,546,496
2022,rapid,lichess,chesscom,1600,1302.0,1081.0,1528.1,298.0,71.9,519.0,546,496
2022,rapid,lichess,chesscom,1700,1434.0,1236.275,1662.525,266.0,37.475,463.725,546,496
2022,rapid,lichess,chesscom,1800,1569.0,1377.95,1792.05,231.0,7.95,422.05,546,496
2022,rapid,lichess,chesscom,1900,1709.0,1522.375,1918.675,191.0,-18.675,377.625,546,496
2022,rapid,lichess,chesscom,2000,1854.0,1666.35,2090.4,146.0,-90.4,333.65,546,496
2022,rapid,lichess,chesscom,2100,2004.0,1816.55,2215.9,96.0,-115.9,283.45,546,496
2022,rapid,lichess,chesscom,2200,2159.0,1958.4,2343.6,41.0,-143.6,241.6,546,496
2023,rapid,chesscom,lichess,800,,,,,,,465,561
2023,rapid,chesscom,lichess,900,,,,,,,465,561
2023,rapid,chesscom,lichess,1000,,,,,,,465,561
2023,rapid,chesscom,lichess,1100,,,,,,,465,561
2023,rapid,chesscom,lichess,1200,,,,,,,465,561
2023,rapid,chesscom,lichess,1300,,,,,,,465,561
2023,rapid,chesscom,lichess,1400,,,,,,,465,561
2023,rapid,chesscom,lichess,1500,,,,,,,465,561
2023,rapid,chesscom,lichess,1600,1373.0,,,-227.0,,,465,561
2023,rapid,chesscom,lichess,1700,1597.0,,,-103.0,,,465,561
2023,rapid,chesscom,lichess,1800,1782.0,1463.025,1983.95,-18.0,-336.975,183.95,465,561
2023,rapid,chesscom,lichess,1900,1948.0,1689.25,2145.65,48.0,-210.75,245.65,465,561
2023,rapid,chesscom,lichess,2000,2103.0,1944.6,2304.4,103.0,-55.4,304.4,465,561
2023,rapid,chesscom,lichess,2100,2251.0,2096.65,2375.7,151.0,-3.35,275.7,465,561
2023,rapid,chesscom,lichess,2200,,,,,,,465,561
2023,rapid,lichess,chesscom,800,1498.0,1164.8,1752.6,-698.0,-952.6,-364.8,561,465
2023,rapid,lichess,chesscom,900,1497.0,1204.55,1700.175,-597.0,-800.175,-304.55,561,465
2023,rapid,lichess,chesscom,1000,1504.0,1264.35,1683.6,-504.0,-683.6,-264.35,561,465
2023,rapid,lichess,chesscom,1100,1520.0,1279.425,1693.45,-420.0,-593.45,-179.425,561,465
2023,rapid,lichess,chesscom,1200,1544.0,1307.975,1713.875,-344.0,-513.875,-107.975,561,465
2023,rapid,lichess,chesscom,1300,1574.0,1333.9,1731.1,-274.0,-431.1,-33.9,561,465
2023,rapid,lichess,chesscom,1400,1611.0,1387.075,1769.0,-211.0,-369.0,12.925,561,465
2023,rapid,lichess,chesscom,1500,1654.0,1448.0,1811.525,-154.0,-311.525,52.0,561,465
2023,rapid,lichess,chesscom,1600,1702.0,1513.225,1852.525,-102.0,-252.525,86.775,561,465
2023,rapid,lichess,chesscom,1700,1755.0,1585.7,1893.625,-55.0,-193.625,114.3,561,465
2023,rapid,lichess,chesscom,1800,1811.0,1659.0,1933.525,-11.0,-133.525,141.0,561,465
2023,rapid,lichess,chesscom,1900,1871.0,1742.0,1982.05,29.0,-82.05,158.0,561,465
2023,rapid,lichess,chesscom,2000,1934.0,1818.9,2041.05,66.0,-41.05,181.1,561,465
2023,rapid,lichess,chesscom,2100,1999.0,1894.375,2102.15,101.0,-2.15,205.625,561,465
2023,rapid,lichess,chesscom,2200,2066.0,1947.475,2177.525,134.0,22.475,252.525,561,465
2024,rapid,chesscom,lichess,800,,,,,,,499,538
2024,rapid,chesscom,lichess,900,,,,,,,499,538
2024,rapid,chesscom,lichess,1000,,,,,,,499,538
2024,rapid,chesscom,lichess,1100,786.0,,,-314.0,,,499,538
2024,rapid,chesscom,lichess,1200,994.0,673.2,1429.8,-206.0,-526.8,229.8,499,538
2024,rapid,chesscom,lichess,1300,1172.0,820.0,1570.0,-128.0,-480.0,270.0,499,538
2024,rapid,chesscom,lichess,1400,1326.0,960.0,1699.25,-74.0,-440.0,299.25,499,538
2024,rapid,chesscom,lichess,1500,1462.0,1086.0,1819.8,-38.0,-414.0,319.8,499,538
2024,rapid,chesscom,lichess,1600,1584.0,1240.9,1918.75,-16.0,-359.1,318.75,499,538
2024,rapid,chesscom,lichess,1700,1693.0,1338.95,1970.875,-7.0,-361.05,270.875,499,538
2024,rapid,chesscom,lichess,1800,1790.0,1418.75,2038.575,-10.0,-381.25,238.575,499,538
2024,rapid,chesscom,lichess,1900,1878.0,1517.0,2107.05,-22.0,-383.0,207.05,499,538
2024,rapid,chesscom,lichess,2000,1957.0,1640.55,2191.525,-43.0,-359.45,191.525,499,538
2024,rapid,chesscom,lichess,2100,2027.0,1738.4,2284.8,-73.0,-361.6,184.8,499,538
2024,rapid,chesscom,lichess,2200,2090.0,1786.225,2310.55,-110.0,-413.775,110.55,499,538
2024,rapid,lichess,chesscom,800,1107.0,789.45,1414.0,-307.0,-614.0,10.55,538,499
2024,rapid,lichess,chesscom,900,1153.0,885.4,1421.8,-253.0,-521.8,14.6,538,499
2024,rapid,lichess,chesscom,1000,1204.0,933.7,1456.3,-204.0,-456.3,66.3,538,499
2024,rapid,lichess,chesscom,1100,1259.0,1004.0,1492.1,-159.0,-392.1,96.0,538,499
2024,rapid,lichess,chesscom,1200,1318.0,1051.8,1569.2,-118.0,-369.2,148.2,538,499
2024,rapid,lichess,chesscom,1300,1383.0,1103.9,1654.725,-83.0,-354.725,196.1,538,499
2024,rapid,lichess,chesscom,1400,1454.0,1170.275,1740.525,-54.0,-340.525,229.725,538,499
2024,rapid,lichess,chesscom,1500,1531.0,1236.95,1830.15,-31.0,-330.15,263.05,538,499
2024,rapid,lichess,chesscom,1600,1615.0,1302.8,1905.0,-15.0,-305.0,297.2,538,499
2024,rapid,lichess,chesscom,1700,1708.0,1372.475,1999.725,-8.0,-299.725,327.525,538,499
2024,rapid,lichess,chesscom,1800,1812.0,1472.0,2108.0,-12.0,-308.0,328.0,538,499
2024,rapid,lichess,chesscom,1900,1928.0,1595.6,2246.2,-28.0,-346.2,304.4,538,499
2024,rapid,lichess,chesscom,2000,2061.0,1743.5,2318.0,-61.0,-318.0,256.5,538,499
2024,rapid,lichess,chesscom,2100,2218.0,,,-118.0,,,538,499
2024,rapid,lichess,chesscom,2200,,,,,,,538,499
2025,rapid,chesscom,lichess,800,1144.0,,,344.0,,,501,349
2025,rapid,chesscom,lichess,900,1204.0,,,304.0,,,501,349
2025,rapid,chesscom,lichess,1000,1264.0,,,264.0,,,501,349
2025,rapid,chesscom,lichess,1100,1324.0,,,224.0,,,501,349
2025,rapid,chesscom,lichess,1200,1383.0,,,183.0,,,501,349
2025,rapid,chesscom,lichess,1300,1443.0,,,143.0,,,501,349
2025,rapid,chesscom,lichess,1400,1502.0,,,102.0,,,501,349
2025,rapid,chesscom,lichess,1500,1561.0,1233.8,1809.0,61.0,-266.2,309.0,501,349
2025,rapid,chesscom,lichess,1600,1620.0,1320.55,1851.45,20.0,-279.45,251.45,501,349
2025,rapid,chesscom,lichess,1700,1680.0,1386.5,1894.3,-20.0,-313.5,194.3,501,349
2025,rapid,chesscom,lichess,1800,1739.0,1462.0,1951.0,-61.0,-338.0,151.0,501,349
2025,rapid,chesscom,lichess,1900,1798.0,1555.75,1996.125,-102.0,-344.25,96.125,501,349
2025,rapid,chesscom,lichess,2000,1857.0,1631.4,2049.8,-143.0,-368.6,49.8,501,349
2025,rapid,chesscom,lichess,2100,1916.0,1704.95,2103.0,-184.0,-395.05,3.0,501,349
2025,rapid,chesscom,lichess,2200,1975.0,1762.0,2187.25,-225.0,-438.0,-12.75,501,349
2025,rapid,lichess,chesscom,800,,,,,,,349,501
2025,rapid,lichess,chesscom,900,,,,,,,349,501
2025,rapid,lichess,chesscom,1000,,,,,,,349,501
2025,rapid,lichess,chesscom,1100,729.0,,,371.0,,,349,501
2025,rapid,lichess,chesscom,1200,895.0,,,305.0,,,349,501
2025,rapid,lichess,chesscom,1300,1062.0,,,238.0,,,349,501
2025,rapid,lichess,chesscom,1400,1230.0,,,170.0,,,349,501
2025,rapid,lichess,chesscom,1500,1398.0,922.475,1880.575,102.0,-380.575,577.525,349,501
2025,rapid,lichess,chesscom,1600,1567.0,992.0,1999.0,33.0,-399.0,608.0,349,501
2025,rapid,lichess,chesscom,1700,1736.0,1241.225,2085.3,-36.0,-385.3,458.775,349,501
2025,rapid,lichess,chesscom,1800,1905.0,1485.675,2221.625,-105.0,-421.625,314.325,349,501
2025,rapid,lichess,chesscom,1900,2074.0,1713.0,2285.0,-174.0,-385.0,187.0,349,501
2025,rapid,lichess,chesscom,2000,2244.0,,,-244.0,,,349,501
2025,rapid,lichess,chesscom,2100,,,,,,,349,501
2025,rapid,lichess,chesscom,2200,,,,,,,349,501
2026,rapid,chesscom,lichess,800,1214.0,926.925,1503.575,414.0,126.925,703.575,461,588
2026,rapid,chesscom,lichess,900,1229.0,973.8,1486.2,329.0,73.8,586.2,461,588
2026,rapid,chesscom,lichess,1000,1249.0,1018.0,1489.05,249.0,18.0,489.05,461,588
2026,rapid,chesscom,lichess,1100,1274.0,1066.375,1512.2,174.0,-33.625,412.2,461,588
2026,rapid,chesscom,lichess,1200,1306.0,1096.75,1554.725,106.0,-103.25,354.725,461,588
2026,rapid,chesscom,lichess,1300,1343.0,1132.375,1599.05,43.0,-167.625,299.05,461,588
2026,rapid,chesscom,lichess,1400,1389.0,1182.85,1661.675,-11.0,-217.15,261.675,461,588
2026,rapid,chesscom,lichess,1500,1443.0,1244.0,1741.525,-57.0,-256.0,241.525,461,588
2026,rapid,chesscom,lichess,1600,1506.0,1303.425,1816.25,-94.0,-296.575,216.25,461,588
2026,rapid,chesscom,lichess,1700,1583.0,1366.9,1921.7,-117.0,-333.1,221.7,461,588
2026,rapid,chesscom,lichess,1800,1676.0,1443.9,2035.85,-124.0,-356.1,235.85,461,588
2026,rapid,chesscom,lichess,1900,1795.0,1536.325,2149.075,-105.0,-363.675,249.075,461,588
2026,rapid,chesscom,lichess,2000,1961.0,1628.0,2253.75,-39.0,-372.0,253.75,461,588
2026,rapid,chesscom,lichess,2100,,,,,,,461,588
2026,rapid,chesscom,lichess,2200,,,,,,,461,588
2026,rapid,lichess,chesscom,800,,,,,,,588,461
2026,rapid,lichess,chesscom,900,,,,,,,588,461
2026,rapid,lichess,chesscom,1000,,,,,,,588,461
2026,rapid,lichess,chesscom,1100,,,,,,,588,461
2026,rapid,lichess,chesscom,1200,,,,,,,588,461
2026,rapid,lichess,chesscom,1300,1186.0,,,114.0,,,588,461
2026,rapid,lichess,chesscom,1400,1424.0,925.375,1748.875,-24.0,-348.875,474.625,588,461
2026,rapid,lichess,chesscom,1500,1592.0,1117.025,1881.35,-92.0,-381.35,382.975,588,461
2026,rapid,lichess,chesscom,1600,1721.0,1279.75,1995.0,-121.0,-395.0,320.25,588,461
2026,rapid,lichess,chesscom,1700,1823.0,1431.15,2076.3,-123.0,-376.3,268.85,588,461
2026,rapid,lichess,chesscom,1800,1905.0,1571.0,2128.8,-105.0,-328.8,229.0,588,461
2026,rapid,lichess,chesscom,1900,1969.0,1684.45,2201.3,-69.0,-301.3,215.55,588,461
2026,rapid,lichess,chesscom,2000,2018.0,1776.525,2248.75,-18.0,-248.75,223.475,588,461
2026,rapid,lichess,chesscom,2100,2054.0,1852.875,2250.0,46.0,-150.0,247.125,588,461
2026,rapid,lichess,chesscom,2200,2078.0,1858.3,2253.7,122.0,-53.7,341.7,588,461
