platform,time_class,specification,label,metric,trend_per_year,std_error,ci_low,ci_high,p_value,first_year,last_year,years,observations,players,slope_per_100,rating_points_per_year
chesscom,blitz,main,main model (clock-controlled),accuracy,-0.0005,0.021,-0.0417,0.0407,0.9797,2014,2026,13,6516,5250,0.4385,-0.1219
chesscom,blitz,no_clock,without the clock control,accuracy,-0.0265,0.0207,-0.0671,0.014,0.1999,2014,2026,13,6516,5250,0.4212,-6.3016
chesscom,blitz,no_seasons,without the calendar-month control,accuracy,-0.001,0.0209,-0.0419,0.04,0.9626,2014,2026,13,6516,5250,0.4382,-0.2237
chesscom,blitz,stable_controls,chess.com time controls never reclassified,accuracy,-0.0054,0.0212,-0.047,0.0362,0.7993,2014,2026,13,5704,4616,0.4085,-1.321
chesscom,blitz,before_break,chess.com before the 10|0 reclassification (to 2019),accuracy,-0.1311,0.0676,-0.2637,0.0015,0.0526,2014,2019,6,3059,2387,0.551,-23.7956
chesscom,blitz,after_break,chess.com after the 10|0 reclassification (from 2021),accuracy,0.0244,0.0698,-0.1125,0.1613,0.7267,2021,2026,6,2968,2475,0.3365,7.2531
chesscom,blitz,one_per_player,one game per player and year,accuracy,0.0061,0.0242,-0.0413,0.0535,0.8021,2014,2026,13,5274,5250,0.4182,1.4497
chesscom,blitz,above_floors,ratings 1000+ only (clear of every rating floor),accuracy,-0.0589,0.0219,-0.1018,-0.016,0.0071,2014,2026,13,5091,4065,0.3855,-15.2783
chesscom,blitz,acpl,average centipawn loss instead of accuracy,acpl,-0.2655,0.1404,-0.5408,0.0098,0.0587,2014,2026,13,6516,5250,-4.0073,
chesscom,rapid,main,main model (clock-controlled),accuracy,0.0023,0.0294,-0.0553,0.0598,0.9388,2014,2026,13,6122,4832,0.6005,0.3755
chesscom,rapid,no_clock,without the clock control,accuracy,-0.1467,0.0235,-0.1927,-0.1007,0.0,2014,2026,13,6122,4832,0.5981,-24.5322
chesscom,rapid,no_seasons,without the calendar-month control,accuracy,0.0041,0.029,-0.0528,0.0609,0.8882,2014,2026,13,6122,4832,0.5994,0.6801
chesscom,rapid,stable_controls,chess.com time controls never reclassified,accuracy,0.0674,0.0447,-0.0204,0.1551,0.1323,2014,2026,10,2853,2170,0.7743,8.6995
chesscom,rapid,before_break,chess.com before the 10|0 reclassification (to 2019),accuracy,0.1663,0.0718,0.0255,0.3072,0.0207,2014,2019,6,2761,2061,0.783,21.2426
chesscom,rapid,after_break,chess.com after the 10|0 reclassification (from 2021),accuracy,0.1429,0.0739,-0.002,0.2877,0.0533,2021,2026,6,2895,2392,0.433,32.9944
chesscom,rapid,one_per_player,one game per player and year,accuracy,0.0253,0.0326,-0.0386,0.0891,0.438,2014,2026,13,4861,4832,0.6084,4.1514
chesscom,rapid,above_floors,ratings 1000+ only (clear of every rating floor),accuracy,-0.1282,0.0297,-0.1864,-0.07,0.0,2014,2026,13,4883,3847,0.5253,-24.4037
chesscom,rapid,acpl,average centipawn loss instead of accuracy,acpl,-0.1374,0.1827,-0.4956,0.2208,0.452,2014,2026,13,6122,4832,-5.0118,
lichess,blitz,main,main model (clock-controlled),accuracy,0.0955,0.0238,0.0488,0.1422,0.0001,2014,2026,13,6983,5204,0.538,17.7478
lichess,blitz,no_clock,without the clock control,accuracy,0.093,0.0238,0.0462,0.1397,0.0001,2014,2026,13,6983,5204,0.516,18.0198
lichess,blitz,no_seasons,without the calendar-month control,accuracy,0.0963,0.0237,0.0499,0.1428,0.0,2014,2026,13,6983,5204,0.5374,17.9288
lichess,blitz,one_per_player,one game per player and year,accuracy,0.0962,0.0267,0.044,0.1485,0.0003,2014,2026,13,5242,5204,0.5339,18.0225
lichess,blitz,above_floors,ratings 1000+ only (clear of every rating floor),accuracy,0.0443,0.023,-0.0009,0.0895,0.0546,2014,2026,13,5647,4321,0.4945,8.9616
lichess,blitz,acpl,average centipawn loss instead of accuracy,acpl,-1.1623,0.169,-1.4937,-0.8309,0.0,2014,2026,13,6983,5204,-5.6736,
lichess,rapid,main,main model (clock-controlled),accuracy,-0.0141,0.0429,-0.0983,0.07,0.7421,2018,2026,9,4572,3465,0.4762,-2.9663
lichess,rapid,no_clock,without the clock control,accuracy,-0.0153,0.0427,-0.099,0.0684,0.7208,2018,2026,9,4572,3465,0.4765,-3.2017
lichess,rapid,no_seasons,without the calendar-month control,accuracy,-0.0028,0.0425,-0.0861,0.0805,0.9472,2018,2026,9,4572,3465,0.4771,-0.59
lichess,rapid,one_per_player,one game per player and year,accuracy,-0.0407,0.0472,-0.1332,0.0518,0.3881,2018,2026,9,3490,3465,0.4471,-9.1072
lichess,rapid,above_floors,ratings 1000+ only (clear of every rating floor),accuracy,-0.0439,0.0433,-0.1289,0.0411,0.311,2018,2026,9,3594,2812,0.4276,-10.2724
lichess,rapid,acpl,average centipawn loss instead of accuracy,acpl,-0.5629,0.2979,-1.147,0.0211,0.0589,2018,2026,9,4572,3465,-5.3125,
