platform,time_class,year,reference_year,effect,std_error,ci_low,ci_high,p_value,slope_per_100,rating_points_equivalent,observations,players
chesscom,blitz,2014,2026,0.5124,0.4247,-0.3202,1.345,0.2277,0.4354,117.6953,473,332
chesscom,blitz,2015,2026,-0.1301,0.4272,-0.9675,0.7074,0.7608,0.4354,-29.873,459,348
chesscom,blitz,2016,2026,0.4417,0.3817,-0.3066,1.1901,0.2472,0.4354,101.4613,530,402
chesscom,blitz,2017,2026,0.3048,0.4183,-0.5153,1.1248,0.4663,0.4354,70.0009,515,405
chesscom,blitz,2018,2026,0.0882,0.4051,-0.706,0.8823,0.8277,0.4354,20.2494,556,450
chesscom,blitz,2019,2026,-0.432,0.4098,-1.2353,0.3713,0.2918,0.4354,-99.2248,526,455
chesscom,blitz,2020,2026,0.638,0.4336,-0.212,1.488,0.1412,0.4354,146.5389,489,404
chesscom,blitz,2021,2026,-0.0774,0.4331,-0.9264,0.7716,0.8582,0.4354,-17.7783,474,381
chesscom,blitz,2022,2026,0.4588,0.4019,-0.3292,1.2468,0.2537,0.4354,105.3799,558,466
chesscom,blitz,2023,2026,0.7432,0.424,-0.0879,1.5743,0.0797,0.4354,170.7028,498,429
chesscom,blitz,2024,2026,-0.0847,0.3988,-0.8666,0.6972,0.8319,0.4354,-19.4502,478,411
chesscom,blitz,2025,2026,0.3053,0.3948,-0.4686,1.0792,0.4393,0.4354,70.1274,562,467
chesscom,blitz,2026,2026,0.0,0.0,,,,0.4354,0.0,398,324
chesscom,rapid,2014,2026,-0.2378,0.4911,-1.2006,0.7251,0.6283,0.6012,-39.5448,394,286
chesscom,rapid,2015,2026,-1.4402,0.4646,-2.3511,-0.5293,0.0019,0.6012,-239.5498,539,426
chesscom,rapid,2016,2026,0.0984,0.5294,-0.9395,1.1363,0.8525,0.6012,16.3685,440,329
chesscom,rapid,2017,2026,0.331,0.4757,-0.6017,1.2636,0.4867,0.6012,55.0461,513,390
chesscom,rapid,2018,2026,0.1606,0.4557,-0.7327,1.054,0.7245,0.6012,26.72,466,336
chesscom,rapid,2019,2026,0.0714,0.4703,-0.8506,0.9935,0.8793,0.6012,11.8805,409,311
chesscom,rapid,2020,2026,-1.7476,0.4364,-2.6032,-0.892,0.0001,0.6012,-290.6693,466,384
chesscom,rapid,2021,2026,-1.2512,0.4591,-2.1513,-0.3512,0.0064,0.6012,-208.117,473,377
chesscom,rapid,2022,2026,-1.0417,0.424,-1.8729,-0.2105,0.014,0.6012,-173.2685,496,418
chesscom,rapid,2023,2026,-0.9605,0.4311,-1.8056,-0.1155,0.0259,0.6012,-159.7656,465,389
chesscom,rapid,2024,2026,-1.2875,0.4369,-2.144,-0.4311,0.0032,0.6012,-214.15,499,419
chesscom,rapid,2025,2026,-0.926,0.4484,-1.8051,-0.047,0.039,0.6012,-154.0238,501,410
chesscom,rapid,2026,2026,0.0,0.0,,,,0.6012,0.0,461,386
lichess,blitz,2014,2026,-1.6533,0.4479,-2.5313,-0.7752,0.0002,0.5476,-301.8932,600,367
lichess,blitz,2015,2026,-2.0974,0.4594,-2.9981,-1.1967,0.0,0.5476,-382.9946,595,370
lichess,blitz,2016,2026,-1.9229,0.449,-2.8032,-1.0426,0.0,0.5476,-351.1308,535,386
lichess,blitz,2017,2026,-1.6357,0.4509,-2.5197,-0.7517,0.0003,0.5476,-298.6889,599,440
lichess,blitz,2018,2026,-1.582,0.4532,-2.4705,-0.6935,0.0005,0.5476,-288.8794,459,351
lichess,blitz,2019,2026,-1.5323,0.4359,-2.3869,-0.6777,0.0004,0.5476,-279.8127,515,384
lichess,blitz,2020,2026,-2.2239,0.4427,-3.0918,-1.3559,0.0,0.5476,-406.0886,549,459
lichess,blitz,2021,2026,-2.2299,0.4621,-3.1358,-1.3239,0.0,0.5476,-407.1897,484,401
lichess,blitz,2022,2026,-0.8781,0.4079,-1.6778,-0.0785,0.0314,0.5476,-160.3547,552,455
lichess,blitz,2023,2026,-1.222,0.4153,-2.0362,-0.4078,0.0033,0.5476,-223.1409,575,477
lichess,blitz,2024,2026,-0.9491,0.4417,-1.8151,-0.0831,0.0317,0.5476,-173.306,537,403
lichess,blitz,2025,2026,-1.9883,0.4467,-2.8639,-1.1127,0.0,0.5476,-363.0739,414,315
lichess,blitz,2026,2026,0.0,0.0,,,,0.5476,0.0,569,434
lichess,rapid,2018,2026,0.1528,0.4701,-0.7689,1.0745,0.7452,0.4802,31.8178,450,351
lichess,rapid,2019,2026,0.3841,0.4515,-0.5013,1.2694,0.3951,0.4802,79.9706,508,390
lichess,rapid,2020,2026,0.2696,0.452,-0.6167,1.1559,0.551,0.4802,56.132,566,419
lichess,rapid,2021,2026,-0.746,0.4606,-1.6492,0.1571,0.1054,0.4802,-155.345,466,364
lichess,rapid,2022,2026,-0.8785,0.4276,-1.7168,-0.0403,0.04,0.4802,-182.9348,546,435
lichess,rapid,2023,2026,0.5785,0.432,-0.2686,1.4255,0.1807,0.4802,120.4487,561,407
lichess,rapid,2024,2026,0.5729,0.4558,-0.3208,1.4666,0.2089,0.4802,119.2904,538,426
lichess,rapid,2025,2026,-0.5159,0.4907,-1.4779,0.4461,0.2932,0.4802,-107.4213,349,258
lichess,rapid,2026,2026,0.0,0.0,,,,0.4802,0.0,588,440
